,Book_Name,book_id,guten_genre,Author_Name,FileNo
961,Alice's Adventures in Wonderland,pg11CarolAlice.epub,Literary,Carroll| Lewis,11
962,Through the Looking-Glass,pg12CarolGlassLook.epub,Literary,Carroll| Lewis,12
995,A Tale of Two Cities,pg98DickensTaleCities.epub,Literary,Dickens| Charles,98
958,Persuasion,pg105JaneAusPersuatn.epub,Literary,Austen| Jane,105
959,Return of Sherlock Holmes,pg108DoyleReturnSherlk.epub,Detective and Mystery,Connan| Doyle,108
967,Mansfield Park,pg141JaneAusMansPark.epub,Literary,Austen| Jane,141
968,Emma,pg158JaneAustenEmma.epub,Literary,Austen| Jane,158
969,Sense and Sensibility,pg161SJaneAusSensSensi.epub,Literary,Austen| Jane,161
376,The Count's Millions,pg305.epub,Detective and Mystery,Gaboriau| Emile,305
741,Tales and Fantasies,pg426.epub,Literary,Stevenson| Robert Louis,426
834,Desert Gold,pg502.epub,Western Stories,Grey| Zane,502
841,Margret Howth: A Story of To-day,pg515.epub,Literary,Davis| Rebecca Harding,515
862,Youth- a Narrative,pg525.epub,Sea and Adventure,Conrad| Joseph,525
988,Tales of Terror and Mystery,pg537DoyleTerrorTales.epub,Detective and Mystery,Connan| Doyle,537
866,Baron Trigault's Vengeance,pg547.epub,Detective and Mystery,Gaboriau| Emile,547
873,Danny's Own Story,pg587.epub,Humorous and Wit and Satire,Marquis| Don,587
989,Sylvie and Bruno,pg620CarolBruno.epub,Literary,Carroll| Lewis,620
897,Creatures That Once Were Men,pg681.epub,Literary,Gorky| Maksim,681
906,A Psychological Counter-Current in Recent Fiction,pg726.epub,Literary,Howells| William Dean,726
990,Oliver Twist,pg730DickensOliverTw.epub,Literary,Dickens| Charles,730
991,David Copperfield,pg766DickensDavidCopfld.epub,Literary,Dickens| Charles,766
992,Hard Times,pg786DickensHardTimes.epub,Literary,Dickens| Charles,786
993,Memoirs of Shelock Holmes,pg834DoyleMemoirsSherlk.epub,Detective and Mystery,Connan| Doyle,834
1,The Pupil,pg1032.epub,Literary,James| Henry,1032
15,The Jolly Corner,pg1190.epub,Ghost and Horror,James| Henry,1190
16,The Coxon Fund,pg1193.epub,Literary,James| Henry,1193
20,The Adventures of Jimmie Dale,pg1218.epub,Detective and Mystery,Packard| Frank L.,1218
29,A Simple Soul,pg1253.epub,Literary,Flaubert| Gustave,1253
31,The Autobiography of a Slander,pg1273.epub,Literary,Lyall| Edna,1273
963,Pride and Prejudice,pg1342JaneAustenPP.epub,Literary,Austen| Jane,1342
50,The Seven Poor Travellers,pg1392.epub,Christmas Stories,Dickens| Charles,1392
966,Great Expectations,pg1400DickensGreatExp.epub,Literary,Dickens| Charles,1400
56,Going into Society,pg1422.epub,Literary,Dickens| Charles,1422
115,The Foolish Virgin,pg1634.epub,Literary,Dixon| Thomas,1634
141,The Vanished Messenger,pg1699.epub,Detective and Mystery,Oppenheim| E. Phillips,1699
156,The Red Seal,pg1747.epub,Literary,Lincoln| Natalie Sumner,1747
157,Other People's Money,pg1748.epub,Detective and Mystery,Gaboriau| Emile,1748
168,Bucky O'Connor: A Tale of the Unfenced Border,pg1809.epub,Western Stories,Raine| William MacLeod,1809
172,The Case of the Lamp That Went Out,pg1832.epub,Detective and Mystery,Groner| Auguste,1832
173,The Case of the Registered Letter,pg1833.epub,Detective and Mystery,Groner| Auguste,1833
175,The Case of the Pocket Diary Found in the Snow,pg1834.epub,Detective and Mystery,Groner| Auguste,1834
176,The Case of the Pool of Blood in the Pastor's Study,pg1835.epub,Detective and Mystery,Groner| Auguste,1835
177,The Case of the Golden Bullet,pg1836.epub,Detective and Mystery,Groner| Auguste,1836
181,The Vision Splendid,pg1846.epub,Western Stories,Raine| William MacLeod,1846
184,The Yellow Crayon,pg1849.epub,Detective and Mystery,Oppenheim| E. Phillips,1849
185,The Woman in the Alcove,pg1851.epub,Detective and Mystery,Green| Anna Katharine,1851
187,Initials Only,pg1857.epub,Detective and Mystery,Green| Anna Katharine,1857
191,Painted Windows,pg1875.epub,Literary,Peattie| Elia Wilkinson,1875
192,A Millionaire of Yesterday,pg1878.epub,Detective and Mystery,Oppenheim| E. Phillips,1878
195,The Bittermeads Mystery,pg1888.epub,Detective and Mystery,Punshon| E. R.,1888
197,The Seventh Man,pg1897.epub,Western Stories,Brand| Max,1897
211,Sight Unseen,pg1960.epub,Detective and Mystery,Rinehart| Mary Roberts,1960
212,The Confession,pg1963.epub,Detective and Mystery,Rinehart| Mary Roberts,1963
971,The Sign of Four,pg2097DoyleSignFour.epub,Detective and Mystery,Connan| Doyle,2097
228,Phyllis of Philistia,pg2155.epub,Literary,Moore| Frank Frankfort,2155
261,Havoc,pg2287.epub,Detective and Mystery,Oppenheim| E. Phillips,2287
295,Burlesques,pg2675.epub,Literary,Lynch| Lawrence L.,2675
978,Moby Dick,pg2701HermanMobyDick.epub,Sea and Adventure,Melville| Herman,2701
979,The Hound of the Baskervilles,pg2852DoyleHound.epub,Detective and Mystery,Connan| Doyle,2852
611,Simon the Jester,pg3828.epub,Humorous and Wit and Satire,Locke| William John,3828
984,Omoo Adventures in the South Seas,pg4045HermanOmmo.epub,Sea and Adventure,Melville| Herman,4045
666,The Garden of Survival,pg4046.epub,Ghost and Horror,Blackwood| Algernon,4046
680,The Adventures of Peregrine Pickle,pg4084.epub,Literary,Smollett| T.,4084
797,The Good Time Coming,pg4632.epub,Literary,Arthur| T. S.,4632
798,Uncle William: The Man Who Was Shif'less,pg4634.epub,Literary,Lee| Jennette,4634
802,God's Good Man: A Simple Love Story,pg4653.epub,Love and Romance,Corelli| Marie,4653
805,Outpost,pg4676.epub,Literary,Austin| Jane G.,4676
808,When Egypt Went Broke: A Novel,pg4733.epub,Literary,Day| Holman,4733
810,At the Villa Rose,pg4745.epub,Detective and Mystery,Mason| A. E. W.,4745
986,The Game of Logic,pg4763CarolLogik.epub,Literary,Carroll| Lewis,4763
817,Half a Rogue,pg4790.epub,Literary,MacGrath| Harold,4790
818,Dawn,pg4794.epub,Literary,Adams| Mrs. H. A.,4794
819,The Circassian Slave- the Sultan's favorite : a story of Constantinople and the Caucasus,pg4795.epub,Literary,Ballou| Maturin Murray,4795
825,Hilda Wade- a Woman with Tenacity of Purpose,pg4903.epub,Literary,Allen| Grant,4903
826,The Lilac Sunbonnet: A Love Story,pg4918.epub,Love and Romance,Crockett| S. R.,4918
827,King Midas: a Romance,pg4923.epub,Literary,Sinclair| Upton,4923
828,The Fashionable Adventures of Joshua Craig: A Novel,pg4929.epub,Sea and Adventure,Phillips| David Graham,4929
830,Leah Mordecai: A Novel,pg4955.epub,Literary,Abbott| Belle K.,4955
838,"""The Romance of Elaine - Sequel to """"Exploits of Elaine""""""",pg5094.epub,Detective and Mystery,Reeve| Arthur B.,5094
842,The Exploits of Elaine,pg5151.epub,Detective and Mystery,Reeve| Arthur B.,5151
846,Innocent : her fancy and his fact,pg5165.epub,Love and Romance,Corelli| Marie,5165
848,Corpus of a Siam Mosquito,pg5176.epub,Literary,Sills| Steven,5176
849,A Siren,pg5179.epub,Detective and Mystery,Trollope| Thomas Adolphus,5179
855,The Confessions of Harry Lorrequer  Volume 1,pg5234.epub,Literary,Lever| Charles James,5234
856,The Confessions of Harry Lorrequer  Volume 2,pg5235.epub,Literary,Lever| Charles James,5235
857,The Confessions of Harry Lorrequer  Volume 3,pg5236.epub,Literary,Lever| Charles James,5236
858,The Confessions of Harry Lorrequer  Volume 4,pg5237.epub,Literary,Lever| Charles James,5237
859,The Confessions of Harry Lorrequer  Volume 5,pg5238.epub,Literary,Lever| Charles James,5238
860,The Confessions of Harry Lorrequer  Volume 6,pg5239.epub,Literary,Lever| Charles James,5239
861,The Confessions of Harry Lorrequer  Complete,pg5240.epub,Literary,Lever| Charles James,5240
867,At Last: A Novel,pg5622.epub,Literary,Harland| Marion,5622
868,The Potato Child & Others,pg5662.epub,Christmas Stories,Woodbury| Lucia Prudence Hall,5662
869,The Prose of Alfred Lichtenstein,pg5663.epub,Literary,Lichtenstein| Alfred,5663
870,The Queen of Sheba- and My Cousin the Colonel,pg5705.epub,Literary,Aldrich| Thomas Bailey,5705
871,The Flyers,pg5848.epub,Literary,McCutcheon| George Barr,5848
872,Michael's Crag,pg5869.epub,Literary,Allen| Grant,5869
874,Celibates,pg6005.epub,Literary,Moore| George Augustus,6005
875,Opening a Chestnut Burr,pg6028.epub,Literary,Roe| Edward Payson,6028
876,Fran,pg6057.epub,Literary,Ellis| J. Breckenridge,6057
877,Philistia,pg6060.epub,Literary,Allen| Grant,6060
878,From Jest to Earnest,pg6102.epub,Literary,Roe| Edward Payson,6102
879,Their Yesterdays,pg6105.epub,Love and Romance,Wright| Harold Bell,6105
880,A Day of Fate,pg6113.epub,Love and Romance,Roe| Edward Payson,6113
881,No Defense- Volume 1.,pg6292.epub,Literary,Parker| Gilbert,6292
882,No Defense- Volume 2.,pg6293.epub,Literary,Parker| Gilbert,6293
883,No Defense- Volume 3.,pg6294.epub,Literary,Parker| Gilbert,6294
884,No Defense- Complete,pg6295.epub,Literary,Parker| Gilbert,6295
885,Carnac's Folly- Volume 1.,pg6296.epub,Literary,Parker| Gilbert,6296
886,Carnac's Folly- Volume 2.,pg6297.epub,Literary,Parker| Gilbert,6297
887,Carnac's Folly- Volume 3.,pg6298.epub,Literary,Parker| Gilbert,6298
888,Carnac's Folly- Complete,pg6299.epub,Literary,Parker| Gilbert,6299
889,A Knight of the Nineteenth Century,pg6311.epub,Literary,Roe| Edward Payson,6311
890,Self-Raised- From the Depths,pg6376.epub,Literary,Southworth| Emma Dorothy Eliza Nevitte,6376
891,Once Aboard the Lugger-- The History of George and his Mary,pg6410.epub,Humorous and Wit and Satire,Hutchinson| A. S. M.,6410
892,The Iron Woman,pg6474.epub,Literary,Deland| Margaret Wade Campbell,6474
893,The Grey Lady,pg6517.epub,Literary,Merriman| Henry Seton,6517
894,Any Coincidence Is - The Day Julia & Cecil the Cat Faced a Fate Worse Than Death,pg6526.epub,Literary,Callahan| Daniel,6526
895,Si'Wren of the Patriarchs,pg6592.epub,Literary,Cheney| Roland Jon,6592
896,The Doctor's Daughter,pg6809.epub,Literary,Vera|,6809
898,Average Jones,pg6864.epub,Detective and Mystery,Adams| Samuel Hopkins,6864
899,The Happy Adventurers,pg6901.epub,Literary,Middleton| Lydia Miller,6901
900,Aikenside,pg6954.epub,Literary,Holmes| Mary Jane,6954
901,A Terrible Secret: A Novel,pg7063.epub,Literary,Fleming| May Agnes,7063
902,Fanshawe,pg7085.epub,Literary,Hawthorne| Nathaniel,7085
903,The Dolliver Romance,pg7119.epub,Literary,Hawthorne| Nathaniel,7119
904,Linda Condon,pg7171.epub,Literary,Hergesheimer| Joseph,7171
905,Doctor Grimshawe's Secret  a Romance,pg7183.epub,Literary,Hawthorne| Nathaniel,7183
907,The Wishing-Ring Man,pg7424.epub,Literary,Widdemer| Margaret,7424
908,Falkland- Book 1.,pg7757.epub,Literary,Lytton| Baron Edward Bulwer Lytton,7757
909,Falkland- Book 2.,pg7758.epub,Literary,Lytton| Baron Edward Bulwer Lytton,7758
910,Falkland- Book 3.,pg7759.epub,Literary,Lytton| Baron Edward Bulwer Lytton,7759
911,Falkland- Book 4.,pg7760.epub,Literary,Lytton| Baron Edward Bulwer Lytton,7760
912,Falkland- Complete,pg7761.epub,Literary,Lytton| Baron Edward Bulwer Lytton,7761
913,Fan : The Story of a Young Girl's Life,pg7827.epub,Literary,Hudson| W. H.,7827
914,The Rise of Iskander,pg7842.epub,Literary,Disraeli| Earl of Beaconsfield Benjamin,7842
915,The Vision of Desire,pg7855.epub,Literary,Pedler| Margaret,7855
916,An Ambitious Man,pg7866.epub,Literary,Wilcox| Ella Wheeler,7866
917,A Fool for Love,pg8073.epub,Literary,Lynde| Francis,8073
918,A Fountain Sealed,pg8087.epub,Literary,Sedgwick| Anne Douglas,8087
919,The Misses Mallett (The Bridge Dividing),pg8131.epub,Literary,Young| E. H.,8131
920,The Ghost of Guir House,pg8182.epub,Ghost and Horror,Beale| Charles Willing,8182
921,Monsieur Maurice,pg8383.epub,Literary,Edwards| Amelia Ann Blanford,8383
922,Ptomaine Street: The Tale of Warble Petticoat,pg8386.epub,Literary,Wells| Carolyn,8386
923,The Gentleman: A Romance of the Sea,pg8396.epub,Sea and Adventure,Ollivant| Alfred,8396
924,Young People's Pride: A Novel,pg8403.epub,Literary,Ben Stephen Vincent,8403
925,Rest Harrow: A Comedy of Resolution,pg8464.epub,Literary,Hewlett| Maurice,8464
926,The Puritans,pg8522.epub,Literary,Bates| Arlo,8522
927,The Woman with the Fan,pg8549.epub,Literary,Hichens| Robert,8549
928,The Far Horizon,pg8569.epub,Literary,Malet| Lucas,8569
929,The Philistines,pg8570.epub,Literary,Bates| Arlo,8570
930,The Wheel O' Fortune,pg8596.epub,Literary,Tracy| Louis,8596
994,The Mysterious Affair at Styles,pg863Agatha1.epub,Detective and Mystery,Christie| Agatha,8631
931,The Pagans,pg8671.epub,Literary,Bates| Arlo,8671
932,The Living Link: A Novel,pg8711.epub,Literary,Mille| James De,8711
933,The Brass Bowl,pg8741.epub,Literary,Vance| Louis Joseph,8741
934,From One Generation to Another,pg8805.epub,Literary,Merriman| Henry Seton,8805
935,Miss Theodosia's Heartstrings,pg8865.epub,Literary,Donnell| Annie Hamilton,8865
936,A Love Story,pg8883.epub,Literary,Christie| William Harvey,8883
937,Three Weeks,pg8899.epub,Love and Romance,Glyn| Elinor,8899
938,The Golden Calf,pg9052.epub,Literary,Braddon| M. E.,9052
939,Eleanor,pg9087.epub,Literary,Ward| Mrs. Humphry,9087
940,The Bride of Dreams,pg9111.epub,Literary,Eeden| Frederik van,9111
941,Henry Dunbar: A Novel,pg9189.epub,Literary,Braddon| M. E.,9189
942,Charlotte's Inheritance,pg9259.epub,Literary,Braddon| M. E.,9259
943,One Day's Courtship- and The Heralds of Fame,pg9305.epub,Literary,Barr| Robert,9305
944,Hetty's Strange History,pg9311.epub,Literary,Jackson| Helen Hunt,9311
945,Birds of Prey,pg9362.epub,Literary,Braddon| M. E.,9362
946,A Woman Intervenes,pg9379.epub,Literary,Barr| Robert,9379
947,Theresa Marchmont- the Maid of Honour: A Tale,pg9387.epub,Literary,Gore| Mrs.,9387
948,Helen of the Old House,pg9410.epub,Literary,Wright| Harold Bell,9410
949,The Ashiel mystery: A Detective Story,pg9746.epub,Detective and Mystery,Bryce| Mrs. Charles,9746
950,The Fortune Hunter,pg9747.epub,Literary,Smith| Winchell| Vance| Louis Joseph,9747
951,Scarhaven Keep,pg9807.epub,Detective and Mystery,Fletcher| J. S.,9807
952,The Price of Things,pg9809.epub,Literary,Glyn| Elinor,9809
953,The Brown Mask,pg9849.epub,Sea and Adventure,Brebner| Percy James,9849
954,The Two Guardians - Home in This World,pg9926.epub,Literary,Yonge| Charlotte M.,9926
955,The Bronze Bell,pg9927.epub,Sea and Adventure,Vance| Louis Joseph,9927
956,Mr. Waddington of Wyck,pg9967.epub,Literary,Sinclair| May,9967
957,Captivating Mary Carstairs,pg9993.epub,Literary,Harrison| Henry Sydnor,9993
0,The Mystery of the Boule Cabinet: A Detective Story,pg10067.epub,Detective and Mystery,Stevenson| Burton Egbert,10067
2,At Love's Cost,pg10379.epub,Literary,Garvice| Charles,10379
3,The Heart of the Range,pg10473.epub,Western Stories,White| William Patterson,10473
4,The Worshipper of the Image,pg10812.epub,Literary,Gallienne| Richard Le,10812
5,The Book-Bills of Narcissus - An Account Rendered by Richard Le Gallienne,pg10826.epub,Literary,Gallienne| Richard Le,10826
6,Elusive Isabel,pg10943.epub,Detective and Mystery,Futrelle| Jacques,10943
7,Joe Burke's Last Stand,pg11004.epub,Literary,Wetterau| John Moncure,11004
8,O+F,pg11005.epub,Literary,Wetterau| John Moncure,11005
9,Polly and the Princess,pg11259.epub,Literary,Dowd| Emma C.,11259
10,Maggie Miller: The Story of Old Hagar's Secret,pg11280.epub,Literary,Holmes| Mary Jane,11280
11,The Obstacle Race,pg11520.epub,Literary,Dell| Ethel M.,11520
960,The Secret Adversary,pg1155Agatha2.epub,Detective and Mystery,Christie| Agatha,11552
12,From out the Vasty Deep,pg11581.epub,Literary,Lowndes| Marie Belloc,11581
13,Fate Knocks at the Door: A Novel,pg11655.epub,Literary,Comfort| Will Levington,11655
14,The Torrent (Entre Naranjos),pg11674.epub,Literary,Ibez| Vicente Blasco,11674
17,The Mystery of Monastery Farm,pg11931.epub,Literary,Naylor| H. R.,11931
18,Wife in Name Only,pg11970.epub,Literary,Brame| Charlotte M.,11970
19,Darrel of the Blessed Isles,pg12102.epub,Literary,Bacheller| Irving,12102
21,The Story of Bessie Costrell,pg12181.epub,Literary,Ward| Mrs. Humphry,12181
22,Fated to Be Free: A Novel,pg12303.epub,Literary,Ingelow| Jean,12303
23,Nancy: A Novel,pg12304.epub,Literary,Broughton| Rhoda,12304
24,The Top of the World,pg12360.epub,Literary,Dell| Ethel M.,12360
25,The Reason Why,pg12450.epub,Literary,Glyn| Elinor,12450
26,Miriam Monfort - A Novel,pg12453.epub,Literary,Warfield| Catherine A.,12453
27,A Perilous Secret,pg12470.epub,Literary,Reade| Charles,12470
28,Deadham Hard: A Romance,pg12520.epub,Literary,Malet| Lucas,12520
30,A Spinner in the Sun,pg12672.epub,Literary,Reed| Myrtle,12672
32,Tokyo to Tijuana: Gabriele Departing America,pg12733.epub,Literary,Sills| Steven David Justin,12733
33,The Coquette's Victim - Everyday Life Library No. 1,pg12886.epub,Literary,Brame| Charlotte M,12886
34,The Song of the Blood-Red Flower,pg12935.epub,Literary,Linnankoski| Johannes,12935
35,People Like That - A Novel,pg12972.epub,Literary,Bosher| Kate Langley,12972
36,The Lady of Big Shanty,pg12989.epub,Literary,Smith| F. Berkeley,12989
37,The Philanderers,pg13057.epub,Literary,Mason| A. E. W.,13057
38,Coralie - Everyday Life Library No. 2,pg13162.epub,Literary,Brame| Charlotte M.,13162
39,Broken to the Plow - A Novel,pg13178.epub,Literary,Dobie| Charles Caldwell,13178
40,The Wild Olive: A Novel,pg13212.epub,Literary,King| Basil,13212
41,The American Baron: A Novel,pg13257.epub,Literary,Mille| James De,13257
42,Out of the Ashes,pg13273.epub,Literary,Grant| Ethel Watts Mumford,13273
43,The Light That Lures,pg13312.epub,Literary,Brebner| Percy James,13312
44,Miss Bretherton,pg13432.epub,Literary,Ward| Mrs. Humphry,13432
45,Aylwin,pg13454.epub,Literary,Watts-Dunton| Theodore,13454
46,The Collected Works of Ambrose Bierce- Volume 1,pg13541.epub,Literary,Bierce| Ambrose,13541
47,The Son of Clemenceau- A Novel of Modern Love and Life,pg13572.epub,Literary,Dumas| Alexandre,13572
48,One Day  A sequel to 'Three Weeks',pg13776.epub,Literary,Elinor Glyn,13776
49,The Port of Missing Men,pg13913.epub,Literary,Nicholson| Meredith,13913
51,Charles Rex,pg13960.epub,Love and Romance,Dell| Ethel M.,13960
52,V. V.'s Eyes,pg13985.epub,Literary,Harrison| Henry Sydnor,13985
53,The End of the World: A Love Story,pg14051.epub,Love and Romance,Eggleston| Edward,14051
54,Sandy,pg14079.epub,Sea and Adventure,Rice| Alice Caldwell Hegan,14079
55,If Winter Comes,pg14145.epub,Literary,Hutchinson| A. S. M.,14145
57,Flames,pg14253.epub,Literary,Hichens| Robert,14253
58,Queed - A Novel,pg14303.epub,Literary,Harrison| Henry Sydnor,14303
59,The Missing Bride,pg14382.epub,Literary,Southworth| Emma Dorothy Eliza Nevitte,14382
60,Septimus,pg14395.epub,Literary,Locke| William John,14395
61,The Exemplary Novels of Cervantes,pg14420.epub,Literary,Saavedra| Miguel de Cervantes,14420
62,True Love's Reward - A Sequel to Mona,pg14427.epub,Literary,Sheldon| Mrs. Georgie,14427
63,The Doctor's Dilemma,pg14454.epub,Literary,Stretton| Hesba,14454
64,A Daughter of To-Day,pg14490.epub,Literary,Duncan| Sara Jeannette,14490
65,Sister Carmen,pg14523.epub,Literary,Corvus| M.,14523
66,The Just and the Unjust,pg14581.epub,Literary,Kester| Vaughan,14581
67,The Devil's Garden,pg14605.epub,Literary,Maxwell| W. B.,14605
68,Jaffery,pg14669.epub,Literary,Locke| William John,14669
69,Christian's Mistake,pg14687.epub,Literary,Craik| Dinah Maria Mulock,14687
70,The Laurel Bush: An Old-Fashioned Love Story,pg14708.epub,Love and Romance,Craik| Dinah Maria Mulock,14708
71,Vandover and the Brute,pg14712.epub,Literary,Norris| Frank,14712
72,The Younger Set,pg14852.epub,Literary,Chambers| Robert W.,14852
73,The Man Thou Gavest,pg14858.epub,Literary,Comstock| Harriet T.,14858
74,Red Pottage,pg14885.epub,Literary,Cholmondeley| Mary,14885
75,The Keeper of the Door,pg15013.epub,Literary,Dell| Ethel M.,15013
76,The Cathedral,pg15067.epub,Literary,Huysmans| J.-K.,15067
77,The Cab of the Sleeping Horse,pg15094.epub,Literary,Scott| John Reed,15094
78,The Jervaise Comedy,pg15116.epub,Literary,Beresford| J. D.,15116
79,"""Sea and Shore - A Sequel to """"Miriam's Memoirs""""""",pg15117.epub,Literary,Warfield| Catherine A.,15117
80,David LockwinThe People's Idol,pg15123.epub,Literary,McGovern| John,15123
81,The Inner Sisterhood - A Social Study in High Colors,pg15179.epub,Literary,Sherley| Douglass,15179
82,My Mother's Rival - Everyday Life Library No. 4,pg15181.epub,Literary,Brame| Charlotte M.,15181
83,Marion Arleigh's Penance - Everyday Life Library No. 5,pg15182.epub,Literary,Brame| Charlotte M.,15182
84,The Tragedy of the Chain Pier - Everyday Life Library No. 3,pg15183.epub,Literary,Brame| Charlotte M.,15183
85,Lewie - The Bended Twig,pg15244.epub,Literary,Bradford| Sarah H.,15244
86,Bessie's Fortune: A Novel,pg15275.epub,Literary,Holmes| Mary Jane,15275
87,Gladys- the Reaper,pg15315.epub,Literary,Beale| Anne,15315
88,The Baronet's Bride- A Woman's Vengeance,pg15317.epub,Literary,Fleming| May Agnes,15317
89,Tracy Park: A Novel,pg15321.epub,Literary,Holmes| Mary Jane,15321
90,The Lever: A Novel,pg15430.epub,Literary,Orcutt| William Dana,15430
91,Trumps,pg15498.epub,Literary,Curtis| George William,15498
92,Captivity,pg15527.epub,Literary,Eyles| Leonora,15527
93,A Splendid Hazard,pg15671.epub,Literary,MacGrath| Harold,15671
94,Far to Seek - A Romance of England and India,pg15704.epub,Literary,Diver| Maud,15704
95,Bunker Bean,pg15743.epub,Literary,Wilson| Harry Leon,15743
96,Ishmael- In the Depths,pg15774.epub,Literary,Southworth| Emma Dorothy Eliza Nevitte,15774
97,An Unpardonable Liar,pg15793.epub,Literary,Parker| Gilbert,15793
98,The Seeker,pg15797.epub,Literary,Wilson| Harry Leon,15797
99,Walter Harland - Memories of the Past,pg15799.epub,Literary,Caswell| Harriet S.,15799
100,Garman and Worse: A Norwegian Novel,pg15864.epub,Literary,Kielland| Alexander Lange,15864
101,The Unseen Bridegroom- Wedded For a Week,pg15875.epub,Literary,Fleming| May Agnes,15875
102,Allegories of Life,pg15895.epub,Allegories,Adams| Mrs. J. S.,15895
103,His Excellency the Minister,pg15934.epub,Literary,Claretie| Jules,15934
104,An Englishwoman's Love-Letters,pg15941.epub,Literary,Housman| Laurence,15941
105,The Fatal Glove,pg15989.epub,Literary,Augusta| Clara,15989
106,The Lost Lady of Lone,pg16039.epub,Literary,Southworth| Emma Dorothy Eliza Nevitte,16039
107,Uncle Max,pg16080.epub,Literary,Carey| Rosa Nouchette,16080
108,For Woman's Love,pg16094.epub,Literary,Southworth| Emma Dorothy Eliza Nevitte,16094
109,The Hoyden,pg16137.epub,Literary,Duchess|,16137
110,The Cromptons,pg16138.epub,Literary,Holmes| Mary Jane,16138
111,A Man and a Woman,pg16143.epub,Literary,Waterloo| Stanley,16143
112,Prince Fortunatus,pg16217.epub,Literary,Black| William,16217
113,Jan: A Dog and a Romance,pg16252.epub,Literary,Dawson| A. J.,16252
114,Idolatry: A Romance,pg16283.epub,Literary,Hawthorne| Julian,16283
116,Ellen Walton - The Villain and His Victims,pg16345.epub,Literary,Addison| Alvin,16345
117,The Summons,pg16381.epub,Literary,Mason| A. E. W.,16381
118,What Necessity Knows,pg16398.epub,Literary,Dougall| L.,16398
119,Led Astray and The Sphinx - Two Novellas In One Volume,pg16403.epub,Literary,Feuillet| Octave,16403
120,The Measure of a Man,pg16453.epub,Literary,Barr| Amelia E.,16453
121,The Moon out of Reach,pg16497.epub,Love and Romance,Pedler| Margaret,16497
122,Foes,pg16554.epub,Literary,Johnston| Mary,16554
123,The Twins - A Domestic Novel,pg16574.epub,Literary,Tupper| Martin Farquhar,16574
124,The Lee Shore,pg16612.epub,Literary,Macaulay| Rose,16612
125,Bad Hugh,pg16662.epub,Literary,Holmes| Mary Jane,16662
126,Eveline Mandeville - The Horse Thief Rival,pg16676.epub,Literary,Addison| Alvin,16676
127,Adrien Leroy,pg16682.epub,Literary,Garvice| Charles,16682
128,A Comedy of Masks: A Novel,pg16703.epub,Literary,Dowson| Ernest Christopher| Moore| Arthur,16703
129,The Husbands of Edith,pg16719.epub,Literary,McCutcheon| George Barr,16719
130,Marzio's Crucifix and Zoroaster,pg16720.epub,Literary,Crawford| F. Marion,16720
131,Mike Fletcher: A Novel,pg16730.epub,Literary,Moore| George Augustus,16730
132,Jacqueline of Golden River,pg16771.epub,Literary,Egbert| H. M.,16771
133,My Little Lady,pg16788.epub,Literary,Poynter| E. Frances,16788
134,Elster's Folly: A Novel,pg16798.epub,Literary,Wood| Mrs. Henry,16798
135,Dangerous Ages,pg16799.epub,Literary,Macaulay| Rose,16799
136,Lydia of the Pines,pg16803.epub,Literary,Morrow| Honor,16803
137,Mark Hurdlestone - The Two Brothers,pg16836.epub,Literary,Moodie| Susanna,16836
138,The Halo,pg16909.epub,Literary,Hutten| Bettina Von,16909
139,The Bradys and the Girl Smuggler Working for the Custom House,pg16919.epub,Detective and Mystery,Doughty| Francis Worcester,16919
140,The Bad Man: A Novel,pg16968.epub,Literary,Browne| Porter Emerson| Towne| Charles Hanson,16968
142,Miss Dexie - A Romance of the Provinces,pg16993.epub,Literary,Eveleth| Stanford,16993
143,The Half-Hearted,pg17047.epub,Sea and Adventure,Buchan| John,17047
144,The Man and the Moment,pg17048.epub,Literary,Glyn| Elinor,17048
145,The Crock of Gold - A Rural Novel,pg17062.epub,Literary,Tupper| Martin Farquhar,17062
146,Guy Livingstone'Thorough',pg17084.epub,Literary,Lawrence| George A.,17084
147,Destiny,pg17141.epub,Literary,Buck| Charles Neville,17141
148,The Actress in High Life - An Episode in Winter Quarters,pg17191.epub,Literary,Bowen| Sue Petigru,17191
149,Atlantis,pg17241.epub,Literary,Hauptmann| Gerhart,17241
150,Sunrise,pg17308.epub,Literary,Black| William,17308
151,Arms and the Woman,pg17359.epub,Love and Romance,MacGrath| Harold,17359
152,Hearts and Masks,pg17390.epub,Literary,MacGrath| Harold,17390
153,The Adventures of Kathlyn,pg17402.epub,Literary,MacGrath| Harold,17402
154,The Thin Red Line  and Blue Blood,pg17434.epub,Literary,Griffiths| Arthur,17434
155,The Second Honeymoon,pg17446.epub,Literary,Ayres| Ruby M.,17446
158,On the Church Steps,pg17559.epub,Literary,Hallowell| Sarah C.,17559
159,By the Light of the Soul: A Novel,pg17564.epub,Literary,Freeman| Mary Eleanor Wilkins,17564
160,Romance,pg17642.epub,Literary,Conrad| Joseph| Ford| Ford Madox,17642
161,Bella Donna: A Novel,pg17698.epub,Literary,Hichens| Robert,17698
162,The Courage of Marge O'Doone,pg17745.epub,Literary,Curwood| James Oliver,17745
163,Foes in Ambush,pg17806.epub,Literary,King| Charles,17806
164,Contrary Mary,pg17938.epub,Literary,Bailey| Temple,17938
165,Betty at Fort Blizzard,pg18022.epub,Literary,Seawell| Molly Elliot,18022
166,Medoline Selwyn's Work,pg18052.epub,Literary,Colter| Mrs. J. J.,18052
167,The Zeit-Geist,pg18054.epub,Literary,Dougall| L.,18054
169,The Road to Mandalay - A Tale of Burma,pg18239.epub,Literary,Croker| B. M.,18239
170,Gentle Julia,pg18259.epub,Literary,Tarkington| Booth,18259
171,Enter Bridget,pg18280.epub,Literary,Cobb| Thomas,18280
174,The Lighted Match,pg18336.epub,Literary,Buck| Charles Neville,18336
178,A Melody in Silver,pg18434.epub,Literary,Abbott| Keene,18434
179,Parrot & Co.,pg18443.epub,Literary,MacGrath| Harold,18443
180,The Treasure of Heaven: A Romance of Riches,pg18449.epub,Literary,Corelli| Marie,18449
182,The Place Beyond the Winds,pg18488.epub,Literary,Comstock| Harriet T.,18488
183,A Court of Inquiry,pg18489.epub,Literary,Richmond| Grace S.,18489
186,A Mummer's Tale,pg18545.epub,Literary,France| Anatole,18545
188,The President: A Novel,pg18572.epub,Literary,Lewis| Alfred Henry,18572
189,The Poor Plutocrats,pg18705.epub,Literary,Jkai| Mr,18705
190,Dr. Dumany's Wife,pg18708.epub,Literary,Jkai| Mr,18708
193,The House of Martha,pg18822.epub,Literary,Stockton| Frank Richard,18822
194,Winner Take All,pg18829.epub,Literary,Evans| Larry,18829
196,Then I'll Come Back to You,pg18894.epub,Literary,Evans| Larry,18894
198,The Starbucks,pg18984.epub,Literary,Read| Opie Percival,18984
199,Sword and Gown: A Novel,pg19121.epub,Literary,Lawrence| George A.,19121
200,The House in the Mist,pg19147.epub,Detective and Mystery,Green| Anna Katharine,19147
201,The Cow Puncher,pg19173.epub,Literary,Stead| Robert J. C.,19173
202,Lady Larkspur,pg19204.epub,Literary,Nicholson| Meredith,19204
203,The Alchemist's Secret,pg19224.epub,Literary,Williams| Isabel Cecilia,19224
204,Joyce of the North Woods,pg19225.epub,Literary,Comstock| Harriet T.,19225
205,Michael McGrath- Postmaster,pg19257.epub,Literary,Connor| Ralph,19257
206,His Heart's Queen,pg19259.epub,Literary,Sheldon| Mrs. Georgie,19259
970,A Christmas Carol,pg19337DickensChristCarl.epub,Christmas Stories,Dickens| Charles,19337
207,Born Again,pg19459.epub,Literary,Lawson| Alfred W.,19459
208,Branded,pg19472.epub,Western Stories,Lynde| Francis,19472
209,North of Fifty-Three,pg19510.epub,Literary,Sinclair| Bertrand W.,19510
210,Kate Danton- Captain Danton's Daughters: A Novel,pg19512.epub,Literary,Fleming| May Agnes,19512
213,Dixie Hart,pg19818.epub,Literary,Harben| Will N.,19818
214,Heart - A Social Novel,pg20235.epub,Literary,Tupper| Martin Farquhar,20235
215,A Political Romance,pg20257.epub,Literary,Sterne| Laurence,20257
216,The Lovely Lady,pg20359.epub,Literary,Austin| Mary Hunter,20359
217,A Son of the Hills,pg20424.epub,Literary,Comstock| Harriet T.,20424
218,The Seventh Noon,pg20429.epub,Literary,Bartlett| Frederick Orin,20429
219,The Triflers,pg20458.epub,Literary,Bartlett| Frederick Orin,20458
220,Ernest Linwood- The Inner Life of the Author,pg20462.epub,Literary,Hentz| Caroline Lee,20462
221,The Complete Prose Works of Martin Farquhar Tupper,pg20610.epub,Literary,Tupper| Martin Farquhar,20610
222,The Master-Knot of Human Fate,pg20615.epub,Literary,Meredith| Ellis,20615
223,The Romance of an Old Fool,pg20661.epub,Love and Romance,Field| Roswell Martin,20661
224,The Monctons: A Novel. Volume 1 (of 2),pg20835.epub,Literary,Moodie| Susanna,20835
225,In Apple-Blossom Time: A Fairy-Tale to Date,pg20901.epub,Love and Romance,Burnham| Clara Louise,20901
226,Overdue: The Story of a Missing Ship,pg21067.epub,Sea and Adventure,Collingwood| Harry,21067
227,The Ghost Ship: A Mystery of the Sea,pg21087.epub,Sea and Adventure,Hutcheson| John C.,21087
972,The Works of Edgar Allan Poe I,pg2147EdgarPoe1.epub,Detective and Mystery,Poe| Edgar Allan,21471
973,The Works of Edgar Allan Poe II,pg2148EdgarPoe2.epub,Detective and Mystery,Poe| Edgar Allan,21482
974,The Works of Edgar Allan Poe III,pg2149EdgarPoe3.epub,Detective and Mystery,Poe| Edgar Allan,21493
975,The Works of Edgar Allan Poe IV,pg2150EdgarPoe4.epub,Detective and Mystery,Poe| Edgar Allan,21504
229,Rattlin the Reefer,pg21578.epub,Sea and Adventure,Howard| Edward,21578
230,On the Stairs,pg21613.epub,Literary,Fuller| Henry Blake,21613
231,April's Lady: A Novel,pg21641.epub,Literary,Duchess|,21641
232,The Making of a Soul,pg21674.epub,Literary,Rhodes| Kathlyn,21674
233,The Tyranny of Weakness,pg21689.epub,Literary,Buck| Charles Neville,21689
234,Flint: His Faults- His Friendships and His Fortunes,pg21690.epub,Literary,Goodwin| Maud Wilder,21690
235,Agatha's Husband: A Novel,pg21767.epub,Literary,Craik| Dinah Maria Mulock,21767
976,The Confidence-Man,pg21816HermanConfidence.epub,Literary,Melville| Herman,21816
236,The Mark Of Cain,pg21821.epub,Literary,Lang| Andrew,21821
237,The Daughters of Danaus,pg21858.epub,Literary,Caird| Mona,21858
238,Afterwards,pg21867.epub,Literary,Rhodes| Kathlyn,21867
239,Luna Benamor,pg21870.epub,Literary,Ibez| Vicente Blasco,21870
240,Blacksheep! Blacksheep!,pg21887.epub,Sea and Adventure,Nicholson| Meredith,21887
241,Embarrassments,pg21932.epub,Literary,James| Henry,21932
242,The Pleasant Street Partnership: A Neighborhood Story,pg21944.epub,Literary,Leonard| Mary Finley,21944
243,The Lure of the Mask,pg22158.epub,Literary,MacGrath| Harold,22158
244,Aunt Rachel - A Rustic Sentimental Comedy,pg22202.epub,Literary,Murray| David Christie,22202
245,In Direst Peril,pg22205.epub,Literary,Murray| David Christie,22205
246,An Old Meerschaum - From Coals Of Fire And Other Stories- Volume II. (of III.),pg22206.epub,Literary,Murray| David Christie,22206
247,The Romance Of Giovanni Calvotti - From Coals Of Fire And Other Stories- Volume II. (of III.),pg22207.epub,Literary,Murray| David Christie,22207
248,Cruel Barbara Allen - From Coals Of Fire And Other Stories- Volume II. (of III.),pg22208.epub,Literary,Murray| David Christie,22208
249,Molly Bawn,pg22214.epub,Literary,Duchess| ,22214
250,Oswald Langdon - Pierre and Paul Lanier. A Romance of 1894-1898,pg22221.epub,Literary,Hamilton| Levi Jackson,22221
251,"""Schwartz: A History - From """"Schwartz"""" by David Christie Murray""",pg22271.epub,Literary,Murray| David Christie,22271
252,"""Young Mr. Barter's Repentance - From """"Schwartz"""" by David Christie Murray""",pg22272.epub,Literary,Murray| David Christie,22272
253,"""Bulldog And Butterfly - From """"Schwartz"""" by David Christie Murray""",pg22273.epub,Literary,Murray| David Christie,22273
254,"""Julia And Her Romeo: A Chronicle Of Castle Barfield - From """"Schwartz"""" by David Christie Murray""",pg22274.epub,Literary,Murray| David Christie,22274
255,VC  A Chronicle of Castle Barfield and of the Crimea,pg22275.epub,Literary,Murray| David Christie,22275
256,Despair's Last Journey,pg22276.epub,Literary,Murray| David Christie,22276
257,"""The Tale Of Mr. Peter Brown - Chelsea Justice - From """"The New Decameron""""|| Volume III.""",pg22476.epub,Literary,Sackville-West| Vita,22476
258,Mary Louise and Josie O'Gorman,pg22532.epub,Literary,Sampson| Emma Speed,22532
259,King Candaules,pg22660.epub,Literary,Gautier| Thophile,22660
260,32 Caliber,pg22781.epub,Literary,McGibeny| Donald,22781
262,Doctor Luttrell's First Patient,pg22883.epub,Love and Romance,Carey| Rosa Nouchette,22883
263,Nell- of Shorne Mills- One Heart's Burden,pg22961.epub,Literary,Garvice| Charles,22961
264,A Modern Idyll,pg23009.epub,Literary,Harris| Frank,23009
265,Gulmore- The Boss,pg23010.epub,Literary,Harris| Frank,23010
266,Elder Conklin,pg23012.epub,Literary,Harris| Frank,23012
267,Helen and Arthur- Miss Thusa's Spinning Wheel,pg23106.epub,Literary,Hentz| Caroline Lee,23106
268,A Chinese Command: A Story of Adventure in Eastern Seas,pg23118.epub,Sea and Adventure,Collingwood| Harry,23118
269,Other People's Business: The Romantic Career of the Practical Miss Dale,pg23157.epub,Literary,Smith| Harriet L.,23157
270,Old Ebenezer,pg23215.epub,Literary,Read| Opie Percival,23215
271,The Fte At Coqueville - 1907,pg23222.epub,Literary,Zola| ile,23222
272,Good Blood,pg23223.epub,Literary,Wildenbruch| Ernst von,23223
273,Mistress Anne,pg23246.epub,Literary,Bailey| Temple,23246
274,The Folly Of Eustace - 1896,pg23420.epub,Literary,Hichens| Robert,23420
275,The Man Next Door,pg23606.epub,Literary,Hough| Emerson,23606
276,The Riddle Of The Rocks - 1895,pg23629.epub,Literary,Murfree| Mary Noailles,23629
277,The Phantoms Of The Foot-Bridge - 1895,pg23630.epub,Literary,Murfree| Mary Noailles,23630
278,The Moonshiners At Hoho-Hebee Falls - 1895,pg23631.epub,Literary,Murfree| Mary Noailles,23631
279,'way Down In Lonesome Cove - 1895,pg23632.epub,Literary,Murfree| Mary Noailles,23632
280,"""His """"Day In Court"""" - 1895""",pg23633.epub,Literary,Murfree| Mary Noailles,23633
281,Flamsted quarries,pg23664.epub,Literary,Waller| Mary E.,23664
282,The Dew of Their Youth,pg23736.epub,Literary,Crockett| S. R.,23736
283,David Malcolm,pg23741.epub,Literary,Lloyd| Nelson,23741
284,Aladdin & Co.: A Romance of Yankee Magic,pg23745.epub,Literary,Quick| Herbert,23745
285,Cruel As The Grave,pg23789.epub,Literary,Southworth| Emma Dorothy Eliza Nevitte,23789
286,A True Friend: A Novel,pg23797.epub,Literary,Sergeant| Adeline,23797
287,The Opal Serpent,pg24769.epub,Detective and Mystery,Hume| Fergus,24769
288,The Book of All-Power,pg24920.epub,Literary,Wallace| Edgar,24920
289,The Kingdom Round the Corner: A Novel,pg25702.epub,Literary,Ashford| Angela| Ashford| Daisy,25702
290,An Apostate: Nawin of Thais,pg25730.epub,Literary,Dawson| Coningsby,25730
291,Her Mother's Secret,pg26259.epub,Literary,Hume| Fergus,26259
292,Margarita's Soul: The Romantic Recollections of a Man of Fifty,pg26277.epub,Literary,Southworth| Emma Dorothy Eliza Nevitte,26277
293,Simon,pg26306.epub,Detective and Mystery,Bacon| Josephine Daskam,26306
294,Madeline Payne- the Detective's Daughter,pg26482.epub,Detective and Mystery,Lynch| Lawrence L.,26482
296,Ringfield: A Novel,pg26768.epub,Literary,Thackeray| William Makepeace,26768
297,A Red Wallflower,pg26828.epub,Literary,Harrison| S. Frances,26828
977,Five Tales,pg2684Galsw4.epub,Literary,Galsworthy| John,26844
298,A Pessimist in Theory and Practice,pg26847.epub,Literary,Warner| Susan,26847
299,The Bradys Beyond Their Depth- The Great Swamp Mystery,pg26925.epub,Detective and Mystery,Bird| Frederic Mayer,26925
300,Bird of Paradise,pg27323.epub,Literary,Seltzer| Charles Alden,27323
301,The Giant's Robe,pg27507.epub,Literary,Sabin| Edwin L.,27507
302,The Seven Secrets,pg27549.epub,Detective and Mystery,Anstey| F.,27549
303,Five O'Clock Tea: Farce,pg27709.epub,Literary,Queux| William Le,27709
304,A Bachelor's Dream,pg27838.epub,Literary,Howells| William Dean,27838
305,The Dominant Dollar,pg27857.epub,Literary,Duchess|,27857
306,Dick Leslie's Luck: A Story of Shipwreck and Adventure,pg27909.epub,Sea and Adventure,Lillibridge| Will,27909
307,Anderson Crow- Detective,pg28229.epub,Detective and Mystery,Morris| Gouverneur,28229
308,A Romantic Young Lady,pg28236.epub,Literary,McCutcheon| George Barr,28236
309,The Beloved Woman,pg28301.epub,Literary,Grant| Robert,28301
310,In Brief Authority,pg28459.epub,Literary,Norris| Kathleen Thompson,28459
311,Not Like Other Girls,pg28463.epub,Literary,Anstey| F.,28463
312,The Limit,pg28465.epub,Literary,Leverson| Ada,28465
313,The Brass Bound Box,pg28509.epub,Literary,Raymond| Evelyn,28509
314,Wee Wifie,pg28717.epub,Literary,Carey| Rosa Nouchette,28717
315,Lover or Friend,pg28925.epub,Literary,Carey| Rosa Nouchette,28925
980,A Tangled Tale,pg29042CarolTangTale.epub,Literary,Carroll| Lewis,29042
316,Chit-Chat  Nirvana  The Searchlight,pg29071.epub,Literary,Holt| Mathew Joseph,29071
981,Justice,pg2911Galsw2.epub,Literary,Galsworthy| John,29112
982,The Little Man,pg2919Galsw5.epub,Literary,Galsworthy| John,29195
317,Cleo The Magnificent- The Muse of the Real: A Novel,pg29207.epub,Literary,Zangwill| Louis,29207
318,The First Violin - A Novel,pg29219.epub,Literary,Fothergill| Jessie,29219
319,People of Position,pg29274.epub,Literary,Hyatt| Stanley Portal,29274
320,Australia Revenged,pg29315.epub,Literary,Boomerang|,29315
321,An Old Sailor's Yarns,pg29323.epub,Sea and Adventure,Ames| N.,29323
322,The Prisoner,pg29366.epub,Literary,Brown| Alice,29366
323,Murder Point: A Tale of Keewatin,pg29400.epub,Detective and Mystery,Dawson| Coningsby,29400
324,Rope,pg29570.epub,Literary,Hall| Holworthy,29570
325,Once to Every Man,pg29646.epub,Literary,Evans| Larry,29646
326,Mixed Faces,pg29657.epub,Literary,Norton| Roy,29657
327,Nobody,pg29671.epub,Literary,Vance| Louis Joseph,29671
328,The Hound From The North,pg29695.epub,Literary,Cullum| Ridgwell,29695
329,The Heart of Thunder Mountain,pg29697.epub,Literary,Bingham| Edfrid A.,29697
330,Hetty's Strange History,pg29699.epub,Literary,Jackson| Helen Hunt,29699
331,The Princess Virginia,pg29715.epub,Literary,Williamson| A. M.| Williamson| C. N.,29715
332,The Strollers,pg29726.epub,Literary,Isham| Frederic Stewart,29726
333,Victor's Triumph - Sequel to A Beautiful Fiend,pg29729.epub,Literary,Southworth| Emma Dorothy Eliza Nevitte,29729
334,The Missionary,pg29743.epub,Literary,Griffith| George Chetwynd,29743
335,The Gorgeous Girl,pg29753.epub,Literary,Bartley| Nalbro,29753
336,The Dominant Strain,pg29760.epub,Literary,Ray| Anna Chapin,29760
337,Audrey Craven,pg29766.epub,Literary,Sinclair| May,29766
338,The Man Who Wins,pg29808.epub,Literary,Herrick| Robert,29808
339,The Paliser case,pg29847.epub,Literary,Saltus| Edgar,29847
340,Dwellers in the Hills,pg29851.epub,Literary,Post| Melville Davisson,29851
341,A Great Man: A Frolic,pg29860.epub,Literary,Bennett| Arnold,29860
342,The Old Countess- The Two Proposals,pg29862.epub,Literary,Stephens| Ann S.,29862
343,Love and Lucy,pg29868.epub,Literary,Hewlett| Maurice,29868
344,The Crimson Tide: A Novel,pg29880.epub,Literary,Chambers| Robert W.,29880
345,The Doctor's Family,pg29890.epub,Literary,Oliphant| Mrs.,29890
346,The Rector,pg29891.epub,Literary,Oliphant| Mrs.,29891
347,Changing Winds - A Novel,pg29902.epub,Literary,Ervine| St. John G.,29902
348,Jan and Her Job,pg29945.epub,Literary,Harker| L. Allen,29945
349,The Eye of Dread,pg30031.epub,Literary,Erskine| Payne,30031
350,In the Shadow of the Hills,pg30037.epub,Literary,Shedd| George C.,30037
351,Jessica- the Heiress,pg30074.epub,Literary,Raymond| Evelyn,30074
352,Our Next-Door Neighbors,pg30075.epub,Literary,Maniates| Belle Kanaris,30075
353,Amaryllis at the Fair,pg30087.epub,Literary,Jefferies| Richard,30087
354,Young Barbarians,pg30089.epub,Literary,Maclaren| Ian,30089
355,Robinetta,pg30090.epub,Literary,Findlater| Jane Helen| Findlater| Mary| McAulay| Allan| Wiggin| Kate Douglas Smith,30090
356,At the Crossroads,pg30095.epub,Literary,Comstock| Harriet T.,30095
357,The Vast Abyss - The Story of Tom Blount- his Uncles and his Cousin Sam,pg30106.epub,Literary,Fenn| George Manville,30106
358,The Quality of Mercy,pg30108.epub,Literary,Howells| William Dean,30108
359,Name and Fame: A Novel,pg30110.epub,Literary,Sergeant| Adeline,30110
360,A Noble Woman,pg30111.epub,Literary,Stephens| Ann S.,30111
361,Tante,pg30115.epub,Literary,Sedgwick| Anne Douglas,30115
362,Daisy Brooks- A Perilous Love,pg30137.epub,Sea and Adventure,Libbey| Laura Jean,30137
363,A Manual of the Art of Fiction,pg30183.epub,Literary,Hamilton| Clayton Meeker,30183
364,East of the Shadows,pg30193.epub,Literary,Barclay| Mrs. Hubert,30193
365,Officer 666,pg30228.epub,Literary,Currie| Barton Wood| McHugh| Augustin,30228
366,Phemie Frost's Experiences,pg30245.epub,Literary,Stephens| Ann S.,30245
367,Mabel's Mistake,pg30247.epub,Literary,Stephens| Ann S.,30247
368,A Captain in the Ranks: A Romance of Affairs,pg30263.epub,Literary,Eggleston| George Cary,30263
369,The Phantom Lover,pg30286.epub,Literary,Ayres| Ruby M.,30286
370,The Benefactress,pg30302.epub,Literary,Arnim| Elizabeth Von,30302
371,Hope Mills- Between Friend and Sweetheart,pg30436.epub,Literary,Douglas| Amanda M.,30436
372,The Lieutenant-Governor: A Novel,pg30448.epub,Literary,Carryl| Guy Wetmore,30448
373,A Manifest Destiny,pg30464.epub,Literary,Magruder| Julia,30464
374,Wild Oranges,pg30466.epub,Literary,Hergesheimer| Joseph,30466
375,Outside Inn,pg30483.epub,Literary,Kelley| Ethel M.,30483
377,The Pines of Lory,pg30600.epub,Literary,Mitchell| John Ames,30600
378,A Danish Parsonage,pg30617.epub,Literary,Vicary| John Fulford,30617
379,Wings of the Wind,pg30618.epub,Literary,Harris| Credo Fitch,30618
380,In the Heart of a Fool,pg30627.epub,Literary,White| William Allen,30627
381,Anything Once,pg30640.epub,Literary,Ostrander| Isabel,30640
382,An Ocean Tramp,pg30648.epub,Literary,McFee| William,30648
383,Daisy's Necklace- and What Came of It,pg30668.epub,Literary,Aldrich| Thomas Bailey,30668
384,Sir Tom,pg30692.epub,Literary,Oliphant| Mrs.,30692
385,The Record of Nicholas Freydon - An Autobiography,pg30704.epub,Literary,Dawson| A. J.,30704
386,Captain Pott's Minister,pg30713.epub,Literary,Cooper| Francis L.,30713
387,Absolution,pg30724.epub,Literary,Viebig| Clara,30724
388,The Fate of Felix Brand,pg30733.epub,Literary,Kelly| Florence Finch,30733
389,Clark's Field,pg30736.epub,Literary,Herrick| Robert,30736
390,Materials and Methods of Fiction - With an Introduction by Brander Matthews,pg30776.epub,Literary,Hamilton| Clayton Meeker,30776
391,The Beggar Man,pg30817.epub,Literary,Ayres| Ruby M.,30817
392,Ashton-Kirk- Criminologist,pg30838.epub,Detective and Mystery,McIntyre| John Thomas,30838
393,Kidnapped at the Altar- The Romance of that Saucy Jessie Bain,pg30980.epub,Sea and Adventure,Libbey| Laura Jean,30980
394,Ten Thousand a-Year. Volume 1.,pg31004.epub,Literary,Warren| Samuel,31004
395,The Recipe for Diamonds,pg31083.epub,Sea and Adventure,Hyne| Charles John Cutcliffe Wright,31083
396,Aliens,pg31241.epub,Literary,McFee| William,31241
397,Cupid's Middleman,pg31561.epub,Literary,Lent| Edward B.,31561
398,"""Walladmor- Vol. 1 (of 2) - """"Freely Translated into German from the English of Sir Walter Scott."""" And Now Freely Translated from the German into English.""",pg31563.epub,Literary,Alexis| Willibald,31563
399,"""Walladmor- Vol. 2 (of 2) - """"Freely Translated into German from the English of Sir Walter Scott."""" And Now Freely Translated from the German into English.""",pg31568.epub,Literary,Alexis| Willibald,31568
400,Room Number 3- and Other Detective Stories,pg31578.epub,Detective and Mystery,Green| Anna Katharine,31578
401,The Serapion Brethren- Vol. II,pg31668.epub,Literary,Hoffmann| E. T. A.,31668
402,Checkers: A Hard-luck Story,pg31813.epub,Literary,Blossom| Henry,31813
403,The Serapion Brethren- Vol. I.,pg31820.epub,Literary,Hoffmann| E. T. A.,31820
404,Portia- By Passions Rocked,pg31825.epub,Literary,Duchess|,31825
405,An Artist in Crime,pg31915.epub,Detective and Mystery,Ottolengui| Rodrigues,31915
406,The Portal of Dreams,pg31927.epub,Literary,Buck| Charles Neville,31927
407,A Life Sentence: A Novel,pg31984.epub,Literary,Sergeant| Adeline,31984
408,Captain Macedoine's Daughter,pg32042.epub,Literary,McFee| William,32042
409,A Rent In A Cloud,pg32082.epub,Literary,Lever| Charles James,32082
410,Command,pg32114.epub,Sea and Adventure,McFee| William,32114
411,Rose MacLeod,pg32115.epub,Literary,Brown| Alice,32115
412,When the Cock Crows,pg32116.epub,Literary,Baily| Waldron,32116
413,Long Live the King!,pg32132.epub,Literary,Boothby| Guy,32132
414,Arthur O'Leary: His Wanderings And Ponderings In Many Lands,pg32424.epub,Literary,Lever| Charles James,32424
415,The Brightener,pg32428.epub,Literary,Williamson| A. M.| Williamson| C. N.,32428
416,A Marriage at Sea,pg32516.epub,Sea and Adventure,Russell| William Clark,32516
417,Gerald Fitzgerald- the Chevalier: A Novel,pg32560.epub,Sea and Adventure,Viebig| Clara,32560
418,A Novelist on Novels,pg32576.epub,Literary,George| Walter Lionel,32576
419,A Day's Ride: A Life's Romance,pg32692.epub,Literary,Lever| Charles James,32692
420,That Boy Of Norcott's,pg32693.epub,Literary,Lever| Charles James,32693
421,Jacob's Ladder,pg32732.epub,Detective and Mystery,Oppenheim| E. Phillips,32732
422,"""Tried for Her Life - A Sequel to """"Cruel As the Grave""""""",pg32757.epub,Literary,Southworth| Emma Dorothy Eliza Nevitte,32757
423,Fairfax and His Pride: A Novel,pg32826.epub,Literary,Vorst| Marie Van,32826
424,One Of Them,pg32840.epub,Literary,Lever| Charles James,32840
425,Lady Cassandra,pg32882.epub,Literary,Vaizey| Mrs. George de Horne,32882
426,Sir Hilton's Sin,pg32915.epub,Literary,Fenn| George Manville,32915
427,The Sapphire Cross,pg32917.epub,Literary,Fenn| George Manville,32917
428,Thereby Hangs a Tale. Volume One,pg32929.epub,Literary,Fenn| George Manville,32929
429,An Unknown Lover,pg32936.epub,Literary,Vaizey| Mrs. George de Horne,32936
430,The Red Rat's Daughter,pg33004.epub,Detective and Mystery,Boothby| Guy,33004
431,The Green God,pg33019.epub,Detective and Mystery,Kummer| Frederic Arnold,33019
432,Sir Jasper Carew: His Life and Experience,pg33081.epub,Literary,Lever| Charles James,33081
433,The Truth About Tristrem Varick: A Novel,pg33099.epub,Literary,Saltus| Edgar,33099
434,Was It Right to Forgive? A Domestic Romance,pg33195.epub,Literary,Barr| Amelia E.,33195
435,Faith and Unfaith: A Novel,pg33312.epub,Literary,Duchess|,33312
436,The Little Schoolmaster Mark: A Spiritual Romance,pg33401.epub,Literary,Davis| Richard Harding,33401
437,A Man in the Open,pg33423.epub,Literary,Pocock| Roger,33423
438,Roland Cashel- Volume I (of II),pg33468.epub,Literary,Lever| Charles James,33468
439,Roland Cashel- Volume II (of II),pg33469.epub,Literary,Lever| Charles James,33469
440,The Furnace,pg33482.epub,Literary,Macaulay| Rose,33482
441,The Gambler: A Novel,pg33490.epub,Literary,Thurston| Katherine Cecil,33490
442,Bransford of Rainbow Range - Originally Published under the title of Bransford in Arcadia- The Little Eohippus,pg33498.epub,Western Stories,Rhodes| Eugene Manlove,33498
443,The Fortunes Of Glencore,pg33556.epub,Literary,Lever| Charles James,33556
444,The Bachelors: A Novel,pg33565.epub,Literary,Orcutt| William Dana,33565
445,Tony Butler,pg33604.epub,Literary,Lever| Charles James,33604
446,Norine's Revenge- and- Sir Noel's Heir,pg33664.epub,Literary,Fleming| May Agnes,33664
447,X Y Z: A Detective Story,pg33695.epub,Detective and Mystery,Green| Anna Katharine,33695
448,The Cottage of Delight: A Novel,pg33715.epub,Literary,Harben| Will N.,33715
449,An Engagement of Convenience: A Novel,pg33747.epub,Literary,Zangwill| Louis,33747
450,The Key to Yesterday,pg33759.epub,Literary,Buck| Charles Neville,33759
451,The Haunted Pajamas,pg33780.epub,Literary,Elliott| Francis Perry,33780
452,King of Camargue,pg33867.epub,Literary,Aicard| Jean,33867
453,Regina- or the Sins of the Fathers,pg33892.epub,Literary,Sudermann| Hermann,33892
454,The Unknown Sea,pg33945.epub,Allegories,Housman| Clemence,33945
455,The Reclaimers,pg33959.epub,Literary,McCarter| Margaret Hill,33959
456,The Mysterious Wanderer- Vol. I,pg33973.epub,Literary,Reeve| Sophia,33973
457,Love Works Wonders: A Novel,pg33989.epub,Literary,Brame| Charlotte M.,33989
458,The Belovd Traitor,pg34034.epub,Literary,Packard| Frank L.,34034
459,The Hillman,pg34035.epub,Detective and Mystery,Oppenheim| E. Phillips,34035
460,Whispering Wires,pg34046.epub,Detective and Mystery,Leverage| Henry,34046
461,A Poached Peerage,pg34088.epub,Literary,Magnay| Sir William,34088
462,Lady Maude's Mania,pg34138.epub,Literary,Fenn| George Manville,34138
463,A Double Knot,pg34140.epub,Literary,Fenn| George Manville,34140
464,By Birth a Lady,pg34142.epub,Literary,Fenn| George Manville,34142
465,A Blot on the Scutcheon,pg34164.epub,Literary,Knowles| Mabel Winifred,34164
466,Capricious Caroline,pg34166.epub,Literary,Rowlands| Effie Adelaide,34166
467,Zula,pg34168.epub,Literary,Lindley| H. Esselstyn,34168
468,The Girl From Tim's Place,pg34202.epub,Literary,Munn| Charles Clark,34202
469,The Star-Gazers,pg34244.epub,Literary,Fenn| George Manville,34244
470,Of High Descent,pg34246.epub,Literary,Fenn| George Manville,34246
471,The Man with a Shadow,pg34248.epub,Literary,Fenn| George Manville,34248
472,A Mysterious Disappearance,pg34277.epub,Detective and Mystery,Tracy| Louis,34277
473,Phases of an Inferior Planet,pg34402.epub,Literary,Glasgow| Ellen Anderson Gholson,34402
474,For the Allinson Honor,pg34415.epub,Literary,Bindloss| Harold,34415
475,Alas! A Novel,pg34428.epub,Literary,Broughton| Rhoda,34428
476,The Rosery Folk,pg34482.epub,Literary,Fenn| George Manville,34482
477,The Gold Brick,pg34500.epub,Literary,Stephens| Ann S.,34500
478,Paradise Bend,pg34567.epub,Western Stories,White| William Patterson,34567
479,The Triumph of Virginia Dale,pg34575.epub,Literary,Francis| John,34575
480,Mrs. Halliburton's Troubles,pg34587.epub,Literary,Trevena| John,34587
481,Through Night to Light: A Novel,pg34598.epub,Literary,Spielhagen| Friedrich,34598
482,What the Swallow Sang: A Novel,pg34599.epub,Literary,Spielhagen| Friedrich,34599
483,King of the Castle,pg34609.epub,Literary,Fenn| George Manville,34609
484,Barren Honour: A Novel,pg34616.epub,Literary,Lawrence| George A.,34616
485,The Gateless Barrier,pg34619.epub,Ghost and Horror,Malet| Lucas,34619
486,I- Thou- and the Other One: A Love Story,pg34628.epub,Love and Romance,Barr| Amelia E.,34628
487,The Mysterious Wanderer  Vol. II,pg34629.epub,Literary,Reeve| Sophia,34629
488,The Breaking of the Storm- Vol. I.,pg34657.epub,Literary,Spielhagen| Friedrich,34657
489,The Breaking of the Storm- Vol. II.,pg34658.epub,Literary,Spielhagen| Friedrich,34658
490,The Breaking of the Storm- Vol. III.,pg34659.epub,Literary,Spielhagen| Friedrich,34659
491,Willing to Die: A Novel,pg34662.epub,Literary,Fanu| Joseph Sheridan Le,34662
492,Commodore Junk,pg34663.epub,Literary,Fenn| George Manville,34663
493,The Mynns' Mystery,pg34664.epub,Detective and Mystery,Fenn| George Manville,34664
494,The Man with the Double Heart,pg34709.epub,Literary,Hine| Muriel,34709
495,One of My Sons,pg34710.epub,Detective and Mystery,Green| Anna Katharine,34710
496,The Ivory Gate- a new edition,pg34738.epub,Literary,Besant| Walter,34738
497,Problematic Characters: A Novel,pg34748.epub,Literary,Spielhagen| Friedrich,34748
498,Englefield Grange- Mary Armstrong's Troubles,pg34794.epub,Literary,Paull| Mrs. H. B.,34794
499,The Pagan's Cup,pg34835.epub,Detective and Mystery,Abbott| Eleanor Hallowell,34835
500,The Rival Crusoes- The Ship Wreck - Also A Voyage to Norway  and The Fisherman's Cottage.,pg34849.epub,Literary,Strickland| Agnes,34849
501,Mystery and Confidence: A Tale. Vol. 1,pg34932.epub,Literary,Pinchard| Elizabeth Sibthorpe,34932
502,Mystery and Confidence: A Tale. Vol. 3,pg34933.epub,Literary,Pinchard| Elizabeth Sibthorpe,34933
503,19-000,pg34934.epub,Detective and Mystery,Delannoy| Burford,34934
504,The House of Strange Secrets: A Detective Story,pg34947.epub,Detective and Mystery,Bayly| A. Eric,34947
505,Mystery and Confidence: A Tale. Vol. 2,pg34968.epub,Literary,Pinchard| Elizabeth Sibthorpe,34968
983,Pierre or The Ambiguities,pg34970HermanPierre.epub,Literary,Melville| Herman,34970
506,The Count of Nideck - adapted from the French of Erckmann-Chartrian,pg34999.epub,Literary,Erckmann-Chatrian| | Fiske| Ralph Browning,34999
507,The House in the Mist,pg35003.epub,Detective and Mystery,Green| Anna Katharine,35003
508,The Carleton Case,pg35038.epub,Literary,Clark| Ellery H.,35038
509,Dilemmas of Pride- (Vol 2 of 3),pg35057.epub,Literary,Loudon| Mrs.,35057
510,Dilemmas of Pride- (Vol 3 of 3),pg35058.epub,Literary,Loudon| Mrs.,35058
511,Girl Alone,pg35077.epub,Literary,Austin| Anne,35077
512,The Mesa Trail,pg35078.epub,Western Stories,Bedford-Jones| H.,35078
513,The Blind Mother- and The Last Confession,pg35140.epub,Literary,Caine| Sir Hall,35140
514,The Solitary Farm,pg35146.epub,Detective and Mystery,Hume| Fergus,35146
515,In the Van- The Builders,pg35203.epub,Literary,Price-Brown| John,35203
516,Who?,pg35205.epub,Detective and Mystery,Kent| Elizabeth,35205
517,The Guerilla Chief- and Other Tales,pg35214.epub,Literary,Reid| Mayne,35214
518,The Oyster,pg35217.epub,Literary,Peer|,35217
519,The Streets of Ascalon - Episodes in the Unfinished Career of Richard Quarren- Esqre.,pg35233.epub,Literary,Chambers| Robert W.,35233
520,In the Onyx Lobby,pg35254.epub,Detective and Mystery,Wells| Carolyn,35254
521,A Wife's Duty: A Tale,pg35294.epub,Literary,Opie| Amelia,35294
522,Sir Brook Fossbrooke- Volume I.,pg35296.epub,Literary,Lever| Charles James,35296
523,Sir Brook Fossbrooke- Volume II.,pg35297.epub,Literary,Lever| Charles James,35297
524,The Last Stroke: A Detective Story,pg35304.epub,Detective and Mystery,Lynch| Lawrence L.,35304
525,A Practical Novelist,pg35313.epub,Literary,Davidson| John,35313
526,The Long Lane's Turning,pg35326.epub,Literary,Rives| Hallie Erminie,35326
527,The Lady Evelyn: A Story of To-day,pg35336.epub,Literary,Pemberton| Max,35336
528,A Song of a Single Note: A Love Story,pg35358.epub,Love and Romance,Barr| Amelia E.,35358
529,The Wicked Marquis,pg35361.epub,Detective and Mystery,Oppenheim| E. Phillips,35361
530,Mad: A Story of Dust and Ashes,pg35367.epub,Literary,Fenn| George Manville,35367
531,Friends I Have Made,pg35368.epub,Literary,Fenn| George Manville,35368
532,Mrs. Geoffrey,pg35384.epub,Literary,Duchess| ,35384
533,The Amethyst Box,pg35424.epub,Detective and Mystery,Green| Anna Katharine,35424
534,A Charming Fellow- Volume I,pg35428.epub,Literary,Trollope| Frances Eleanor,35428
535,A Charming Fellow- Volume II,pg35429.epub,Literary,Trollope| Frances Eleanor,35429
536,A Charming Fellow- Volume III,pg35430.epub,Literary,Trollope| Frances Eleanor,35430
537,The Dodd Family Abroad- Vol. I,pg35441.epub,Literary,Lever| Charles James,35441
538,The Dodd Family Abroad- Vol. II,pg35442.epub,Literary,Lever| Charles James,35442
539,Lost Lenore: The Adventures of a Rolling Stone,pg35443.epub,Sea and Adventure,Reid| Mayne,35443
540,Sharing Her Crime: A Novel,pg35462.epub,Detective and Mystery,Fleming| May Agnes,35462
541,The Black Eagle Mystery,pg35484.epub,Detective and Mystery,Bonner| Geraldine,35484
542,The Golden Road,pg35509.epub,Literary,Allen| Frank Waller,35509
543,The Three Impostors- The Transmutations,pg35517.epub,Ghost and Horror,Machen| Arthur,35517
544,Only One Love- Who Was the Heir,pg35523.epub,Literary,Garvice| Charles,35523
545,The Haute Noblesse: A Novel,pg35527.epub,Literary,Fenn| George Manville,35527
546,"""The Secret of the Sands- The """"Water Lily"""" and her Crew""",pg35528.epub,Sea and Adventure,Collingwood| Harry,35528
547,The Haunted Room: A Tale,pg35533.epub,Literary,E.| A. L. O.,35533
548,Doctor Cupid: A Novel,pg35548.epub,Literary,Broughton| Rhoda,35548
549,The Funny Philosophers- or Wags and Sweethearts.  A Novel,pg35599.epub,Literary,Yellott| George,35599
550,Mysterious Mr. Sabin,pg35661.epub,Detective and Mystery,Oppenheim| E. Phillips,35661
551,Titan: A Romance. v. 1 (of 2),pg35664.epub,Literary,Paul| Jean,35664
552,The Late Tenant,pg35691.epub,Literary,Tracy| Louis,35691
553,The Game and the Candle,pg35740.epub,Literary,Ingram| Eleanor M.,35740
554,Lily Pearl and The Mistress of Rosedale,pg35765.epub,Literary,Glenwood| Ida,35765
555,Dilemmas of Pride- (Vol 1 of 3),pg35769.epub,Literary,Loudon| Mrs,35769
556,The Hills of Refuge: A Novel,pg35785.epub,Literary,Harben| Will N.,35785
557,Plain Mary Smith: A Romance of Red Saunders,pg35787.epub,Humorous and Wit and Satire,Phillips| Henry Wallace,35787
558,The Black Star: A Detective Story,pg35833.epub,Detective and Mystery,McCulley| Johnston,35833
559,Final Proof- The Value of Evidence,pg35902.epub,Detective and Mystery,Ottolengui| Rodrigues,35902
560,The Finger of Fate: A Romance,pg35912.epub,Literary,Reid| Mayne,35912
561,The Child Wife,pg35913.epub,Literary,Reid| Mayne,35913
562,Silent Struggles,pg36027.epub,Literary,Stephens| Ann S.,36027
563,A Speckled Bird,pg36029.epub,Literary,Evans| Augusta J.,36029
564,Hesperus- Forty-Five Dog-Post-Days: A Biography. Vol. I.,pg36071.epub,Literary,Paul| Jean,36071
565,Hesperus- Forty-Five Dog-Post-Days: A Biography. Vol. II.,pg36087.epub,Literary,Paul| Jean,36087
566,The Letter of Credit,pg36159.epub,Love and Romance,Warner| Susan,36159
567,Bijou,pg36199.epub,Literary,Gyp| ,36199
568,The Shooting of Dan McGrew- A Novel. Based on the Famous Poem of Robert Service,pg36232.epub,Literary,Dana| Marvin| Service| Robert W.,36232
569,The Red Mouse: A Mystery Romance,pg36247.epub,Detective and Mystery,Osborne| William Hamilton,36247
570,The Invisible Lodge,pg36353.epub,Literary,Paul| Jean,36353
571,Faithful Margaret: A Novel,pg36360.epub,Literary,Simpson| Mrs. J. M.,36360
572,Zoe- Some Day: A Novel,pg36364.epub,Literary,Leonard| May,36364
573,Dangerous Ground- The Rival Detectives,pg36366.epub,Detective and Mystery,Lynch| Lawrence L.,36366
574,Wives and Widows- The Broken Life,pg36374.epub,Literary,Stephens| Ann S.,36374
575,The Turn of the Tide: The Story of How Margaret Solved Her Problem,pg36401.epub,Literary,Porter| Eleanor H.,36401
576,Titan: A Romance. v. 2 (of 2),pg36403.epub,Literary,Paul| Jean,36403
577,Jessamine: A Novel,pg36414.epub,Literary,Harland| Marion,36414
578,The Story of an Untold Love,pg36439.epub,Literary,Ford| Paul Leicester,36439
579,A Butterfly on the Wheel: A Novel,pg36467.epub,Literary,Hemmerde| Edward G.| Neilson| Francis| Thorne| Guy,36467
580,The Red Derelict,pg36588.epub,Sea and Adventure,Mitford| Bertram,36588
581,Fordham's Feud,pg36593.epub,Literary,Mitford| Bertram,36593
582,The Haunted Homestead: A Novel,pg36713.epub,Literary,Southworth| Emma Dorothy Eliza Nevitte,36713
583,One Maid's Mischief,pg36723.epub,Literary,Fenn| George Manville,36723
584,Cynthia Wakeham's Money,pg36758.epub,Detective and Mystery,Green| Anna Katharine,36758
585,Midnight Webs,pg36875.epub,Literary,Fenn| George Manville,36875
586,In Strange Company: A Story of Chili and the Southern Seas,pg37081.epub,Sea and Adventure,Boothby| Guy,37081
587,A Life For a Love: A Novel,pg37107.epub,Literary,Meade| L. T.,37107
588,The Ranchman,pg37204.epub,Western Stories,Seltzer| Charles Alden,37204
589,The Wayfarers,pg37208.epub,Literary,Cutting| Mary Stewart,37208
590,The Crime Doctor,pg37338.epub,Detective and Mystery,Hornung| E. W.,37338
591,Pray You- Sir- Whose Daughter?,pg37355.epub,Literary,Gardener| Helen H.,37355
592,The Empty Sack,pg37412.epub,Literary,King| Basil,37412
593,The Sin of Monsieur Pettipon- and other humorous tales,pg37430.epub,Humorous and Wit and Satire,Connell| Richard Edward,37430
594,Rough-Hewn,pg37451.epub,Literary,Fisher| Dorothy Canfield,37451
595,Daisy Thornton,pg37467.epub,Literary,Holmes| Mary Jane,37467
596,Jessie Graham,pg37476.epub,Literary,Holmes| Mary Jane,37476
597,The Debit Account,pg37479.epub,Literary,Onions| Oliver,37479
598,The Gray Phantom's Return,pg37490.epub,Detective and Mystery,Landon| Herman,37490
599,The Sins of the Children: A Novel,pg37664.epub,Literary,Hamilton| Cosmo,37664
600,Mavis of Green Hill,pg37710.epub,Love and Romance,Baldwin| Faith,37710
601,Notwithstanding,pg37781.epub,Literary,Cholmondeley| Mary,37781
602,The Open Question: A Tale of Two Temperaments,pg37827.epub,Literary,Robins| Elizabeth,37827
603,The Story of Louie,pg37838.epub,Literary,Onions| Oliver,37838
604,A Humble Enterprise,pg37866.epub,Literary,Cambridge| Ada,37866
605,The Gray Phantom,pg37913.epub,Detective and Mystery,Landon| Herman,37913
606,In Accordance with the Evidence,pg37919.epub,Literary,Onions| Oliver,37919
607,The Heatherford Fortune - a sequel to the Magic Cameo,pg38006.epub,Literary,Sheldon| Mrs. Georgie,38006
608,The Sailor,pg38186.epub,Literary,Snaith| J. C.,38186
609,Kenneth McAlpine: A Tale of Mountain- Moorland and Sea,pg38199.epub,Literary,Stables| Gordon,38199
610,The Making of William Edwards- The Story of the Bridge of Beauty,pg38212.epub,Literary,Banks| Mrs. G. Linnaeus,38212
612,A Witch of the Hills- v. 1 [of 2],pg38291.epub,Literary,Warden| Florence,38291
613,A Witch of the Hills- v. 2 [of 2],pg38292.epub,Literary,Warden| Florence,38292
614,The Happy Warrior,pg38325.epub,Literary,Hutchinson| A. S. M.,38325
615,A Knight on Wheels,pg38368.epub,Literary,Hay| Ian,38368
616,Loaded Dice,pg38474.epub,Literary,Clark| Ellery H.,38474
617,Gargoyles,pg38489.epub,Literary,Hecht| Ben,38489
618,The Story of Charles Strange: A Novel. Vol. 1 (of 3),pg38623.epub,Literary,Wood| Mrs. Henry,38623
619,The Story of Charles Strange: A Novel. Vol. 2 (of 3),pg38624.epub,Literary,Wood| Mrs. Henry,38624
620,The Story of Charles Strange: A Novel. Vol. 3 (of 3),pg38625.epub,Literary,Wood| Mrs. Henry,38625
621,Miranda of the Balcony: A Story,pg38679.epub,Literary,Mason| A. E. W.,38679
622,The Truants,pg38685.epub,Literary,Mason| A. E. W.,38685
623,The Turnstile,pg38689.epub,Literary,Mason| A. E. W.,38689
624,The Maker of Opportunities,pg38702.epub,Literary,Gibbs| George,38702
625,A Singular Metamorphosis,pg38715.epub,Literary,Skiles| May Evelyn,38715
626,The Monctons: A Novel. Volume 2 (of 2),pg38798.epub,Literary,Moodie| Susanna,38798
627,Out of a Labyrinth,pg38888.epub,Detective and Mystery,Lynch| Lawrence L.,38888
628,Mr. Marx's Secret,pg39018.epub,Detective and Mystery,Oppenheim| E. Phillips,39018
629,The White Blackbird,pg39066.epub,Literary,Aitken| Robert,39066
630,Miser Farebrother: A Novel (vol. 1 of 3),pg39111.epub,Literary,Farjeon| B. L.,39111
631,It May Be True- Vol. 2 (of 3),pg39192.epub,Literary,Wood| Mrs. Henry,39192
632,It May Be True- Vol. 3 (of 3),pg39193.epub,Literary,Wood| Mrs. Henry,39193
633,Tales for Fifteen,pg39207.epub,Literary,Cooper| James Fenimore,39207
634,Mitchelhurst Place: A Novel. Vol. 1 (of 2),pg39345.epub,Literary,Veley| Margaret,39345
635,Wyndham's Pal,pg39349.epub,Literary,Bindloss| Harold,39349
636,Mabel: A Novel. Vol. 3 (of 3),pg39359.epub,Literary,Newby| Mrs. C. J.,39359
637,Mildred Arkell: A Novel. Vol. 2 (of 3),pg39377.epub,Literary,Wood| Mrs. Henry,39377
638,A Gamble with Life,pg39417.epub,Detective and Mystery,Hocking| Silas K.,39417
639,The Mysterious Wanderer- Vol. III - A Novel in Three Volumes,pg39425.epub,Literary,Reeve| Sophia,39425
640,Guy and Pauline,pg39556.epub,Literary,MacKenzie| Compton,39556
641,In the Hands of the Malays- and Other Stories,pg39616.epub,Sea and Adventure,Henty| G. A.,39616
642,Sylvia & Michael: The later adventures of Sylvia Scarlett,pg39660.epub,Literary,MacKenzie| Compton,39660
643,Mildred Arkell: A Novel. Vol. 1 (of 3),pg39692.epub,Literary,Wood| Mrs. Henry,39692
644,Mildred Arkell: A Novel. Vol. 3 (of 3),pg39693.epub,Literary,Wood| Mrs. Henry,39693
645,The Marriage of Esther,pg39731.epub,Literary,Boothby| Guy,39731
646,Vassall Morton: A Novel,pg39768.epub,Literary,Parkman| Francis,39768
647,A Sovereign Remedy,pg39813.epub,Literary,Steel| Flora Annie Webster,39813
648,Upsidonia,pg39905.epub,Humorous and Wit and Satire,Marshall| Archibald,39905
649,Ashton-Kirk- Secret Agent,pg39940.epub,Detective and Mystery,McIntyre| John Thomas,39940
650,In Silk Attire: A Novel,pg40111.epub,Literary,Black| William,40111
651,Fashion and Famine,pg40114.epub,Literary,Stephens| Ann S.,40114
652,A Woman's Love,pg40180.epub,Literary,Opie| Amelia,40180
653,Mabel: A Novel. Vol. 2 (of 3),pg40199.epub,Literary,Newby| Mrs. C. J.,40199
654,The Threatening Eye,pg40278.epub,Literary,Knight| E. F.,40278
655,True to a Type- Vol. 1 (of 2),pg40324.epub,Literary,Cleland| Robert,40324
656,True to a Type- Vol. 2 (of 2),pg40325.epub,Literary,Cleland| Robert,40325
657,The Coward Behind the Curtain,pg40347.epub,Literary,Marsh| Richard,40347
658,The Crime and the Criminal,pg40348.epub,Detective and Mystery,Marsh| Richard,40348
659,It May Be True- Vol. 1 (of 3),pg40418.epub,Literary,Wood| Mrs. Henry,40418
660,Miss Hildreth: A Novel- Volume 1,pg40431.epub,Literary,Stevens| Augusta de Grasse,40431
661,Miss Hildreth: A Novel- Volume 2,pg40432.epub,Literary,Stevens| Augusta de Grasse,40432
662,Miss Hildreth: A Novel- Volume 3,pg40433.epub,Literary,Stevens| Augusta de Grasse,40433
663,Violet Forster's Lover,pg40450.epub,Literary,Marsh| Richard,40450
664,Under One Flag,pg40451.epub,Literary,Marsh| Richard,40451
665,The Twickenham Peerage,pg40452.epub,Literary,Marsh| Richard,40452
667,Black Star's Campaign: A Detective Story,pg40484.epub,Detective and Mystery,McCulley| Johnston,40484
668,The Red Lottery Ticket,pg40491.epub,Detective and Mystery,Boisgobey| Fortunu,40491
669,The King of Diamonds: A Tale of Mystery and Adventure,pg40493.epub,Detective and Mystery,Tracy| Louis,40493
670,The Ordeal of Elizabeth,pg40495.epub,Literary,Anonymous,40495
671,The Splendid Fairing,pg40545.epub,Literary,Holme| Constance,40545
672,Moth and Rust  Together with Geoffrey's Wife and The Pitfall,pg40566.epub,Literary,Cholmondeley| Mary,40566
673,Prince Charlie,pg40611.epub,Literary,Delannoy| Burford,40611
674,The Hypocrite,pg40651.epub,Literary,Thorne| Guy,40651
675,The White Virgin,pg40672.epub,Literary,Fenn| George Manville,40672
676,The Tiger Lily,pg40673.epub,Literary,Fenn| George Manville,40673
677,Sawn Off: A Tale of a Family Tree,pg40674.epub,Literary,Fenn| George Manville,40674
678,Gretchen: A Novel,pg40702.epub,Literary,Holmes| Mary Jane,40702
679,Fighting Byng: A Novel of Mystery- Intrigue and Adventure,pg40821.epub,Detective and Mystery,Stone| A.,40821
681,Meg- of Valencia,pg40926.epub,Literary,Jarrell| Myra Williams,40926
682,The Day of Temptation,pg40998.epub,Literary,Queux| William Le,40998
683,Stolen Souls,pg40999.epub,Literary,Queux| William Le,40999
684,The Sign of the Stranger,pg41089.epub,Detective and Mystery,Queux| William Le,41089
685,Rayton: A Backwoods Mystery,pg41122.epub,Literary,Roberts| Theodore Goodridge,41122
686,Jenifer's Prayer,pg41191.epub,Literary,Crane| Oliver,41191
687,The Eve of All-Hallows- Adelaide of Tyrconnel- v. 1 of 3,pg41212.epub,Literary,Hartstonge| Matthew Weld,41212
688,Ten Thousand a-Year. Volume 3.,pg41247.epub,Literary,Warren| Samuel,41247
689,The Arm-Chair at the Inn,pg41284.epub,Literary,Smith| Francis Hopkinson,41284
690,My Danish Sweetheart: A Novel. Volume 1 of 3,pg41313.epub,Sea and Adventure,Russell| William Clark,41313
691,My Danish Sweetheart: A Novel. Volume 2 of 3,pg41314.epub,Sea and Adventure,Russell| William Clark,41314
692,My Danish Sweetheart: A Novel. Volume 3 of 3,pg41315.epub,Sea and Adventure,Russell| William Clark,41315
693,Mrs. Dorriman: A Novel. Volume 1 of 3,pg41329.epub,Literary,Chetwynd| Mrs. Henry Wayland,41329
694,Mrs. Dorriman: A Novel. Volume 2 of 3,pg41330.epub,Literary,Chetwynd| Mrs. Henry Wayland,41330
695,Mrs. Dorriman: A Novel. Volume 3 of 3,pg41331.epub,Literary,Chetwynd| Mrs. Henry Wayland,41331
696,Ten Thousand a-Year. Volume 2.,pg41332.epub,Literary,Warren| Samuel,41332
697,Mount Royal: A Novel. Volume 1 of 3,pg41339.epub,Literary,Braddon| M. E.,41339
698,Mount Royal: A Novel. Volume 2 of 3,pg41340.epub,Literary,Braddon| M. E.,41340
699,Mount Royal: A Novel. Volume 3 of 3,pg41341.epub,Literary,Braddon| M. E.,41341
700,Mohawks: A Novel. Volume 1 of 3,pg41374.epub,Literary,Braddon| M. E.,41374
701,Mohawks: A Novel. Volume 2 of 3,pg41375.epub,Literary,Braddon| M. E.,41375
702,Mohawks: A Novel. Volume 3 of 3,pg41376.epub,Literary,Braddon| M. E.,41376
703,The Broken Thread,pg41459.epub,Detective and Mystery,Queux| William Le,41459
704,The Yazoo Mystery: A Novel,pg41483.epub,Literary,Craddock| Irving,41483
705,The Decadent: Being the Gospel of Inaction - Wherein Are Set Forth in Romance Form Certain Reflections Touching the Curious Characteristics of These Ultimate Years- and the Divers Causes Thereof,pg41490.epub,Literary,Cram| Ralph Adams,41490
706,The House Opposite: A Mystery,pg41525.epub,Detective and Mystery,Kent| Elizabeth,41525
707,Rose Clark,pg41542.epub,Literary,Fern| Fanny,41542
708,Mabel: A Novel. Vol. 1 (of 3),pg41564.epub,Literary,Newby| Mrs. C. J.,41564
709,A Fortnight of Folly,pg41660.epub,Literary,Conway| Hugh| Thompson| Maurice,41660
710,A Changed Heart: A Novel,pg41672.epub,Literary,Fleming| May Agnes,41672
711,Albrecht,pg41764.epub,Literary,Bates| Arlo,41764
712,Quintus Oakes: A Detective Story,pg41790.epub,Detective and Mystery,Jackson| Charles Ross,41790
713,The Last Miracle,pg41794.epub,Literary,Shiel| M. P.,41794
714,John Marvel- Assistant,pg41817.epub,Literary,Page| Thomas Nelson,41817
715,The Golden Bough,pg41844.epub,Literary,Gibbs| George,41844
716,The Terms of Surrender,pg41859.epub,Literary,Tracy| Louis,41859
717,Ragna,pg41863.epub,Literary,Costantini| Anna Miller,41863
718,A Fair Mystery: The Story of a Coquette,pg41932.epub,Literary,Brame| Charlotte M.,41932
719,The Debatable Land: A Novel,pg41963.epub,Literary,Colton| Arthur,41963
720,The Barrel Mystery,pg42010.epub,Detective and Mystery,Flynn| William J.,42010
721,The Eve of All-Hallows- Adelaide of Tyrconnel- v. 2 of 3,pg42095.epub,Literary,Hartstonge| Matthew Weld,42095
722,The Trail-Hunter: A Tale of the Far West,pg42115.epub,Western Stories,Aimard| Gustave,42115
723,The Pirates of the Prairies: Adventures in the American Desert,pg42117.epub,Western Stories,Aimard| Gustave,42117
724,The World Before Them: A Novel. Volume 2 (of 3),pg42145.epub,Literary,Moodie| Susanna,42145
725,The World Before Them: A Novel. Volume 1 (of 3),pg42165.epub,Literary,Moodie| Susanna,42165
726,The World Before Them: A Novel. Volume 3 (of 3),pg42174.epub,Literary,Moodie| Susanna,42174
727,The Shadow of a Sin,pg42320.epub,Literary,Brame| Charlotte M.,42320
728,Justin Wingate- Ranchman,pg42423.epub,Western Stories,Whitson| John Harvey,42423
729,Barbara Rebell,pg42462.epub,Literary,Lowndes| Marie Belloc,42462
730,Lady Eureka- The Mystery: A Prophecy of the Future. Volume 1,pg42491.epub,Literary,Williams| Robert Folkestone,42491
731,Lady Eureka- The Mystery: A Prophecy of the Future. Volume 2,pg42492.epub,Literary,Williams| Robert Folkestone,42492
732,Lady Eureka- The Mystery: A Prophecy of the Future. Volume 3,pg42493.epub,Literary,Williams| Robert Folkestone,42493
733,Miracle Gold: A Novel (Vol. 2 of 3),pg42496.epub,Literary,Dowling| Richard,42496
734,Miracle Gold: A Novel (Vol. 1 of 3),pg42498.epub,Literary,Dowling| Richard,42498
735,Miracle Gold: A Novel (Vol. 3 of 3),pg42499.epub,Literary,Dowling| Richard,42499
736,Blackthorn Farm,pg42519.epub,Literary,Applin| Arthur,42519
737,Narcissus,pg42533.epub,Literary,Scott| Evelyn,42533
738,The Narrow House,pg42534.epub,Literary,Scott| Evelyn,42534
739,Yonder,pg42536.epub,Literary,Young| E. H.,42536
740,The Deacon: An Original Comedy Drama in Five Acts,pg42581.epub,Literary,Dale| Horace C.,42581
742,The Luminous Face,pg42714.epub,Detective and Mystery,Wells| Carolyn,42714
743,Tempest-Driven: A Romance (Vol. 1 of 3),pg42750.epub,Literary,Dowling| Richard,42750
744,Tempest-Driven: A Romance (Vol. 2 of 3),pg42751.epub,Literary,Dowling| Richard,42751
745,Tempest-Driven: A Romance (Vol. 3 of 3),pg42752.epub,Literary,Dowling| Richard,42752
746,Swords Reluctant,pg42763.epub,Literary,Pemberton| Max,42763
747,It Pays to Smile,pg42772.epub,Literary,Putnam| Nina Wilcox,42772
748,The Mystery of the Clasped Hands: A Novel,pg42807.epub,Detective and Mystery,Boothby| Guy,42807
749,Great Porter Square: A Mystery. v. 1,pg42905.epub,Detective and Mystery,Farjeon| B. L.,42905
750,Great Porter Square: A Mystery. v. 2,pg42906.epub,Detective and Mystery,Farjeon| B. L.,42906
751,Great Porter Square: A Mystery. v. 3,pg42907.epub,Detective and Mystery,Farjeon| B. L.,42907
752,The Last of Their Race,pg42926.epub,Literary,Swan| Annie S.,42926
753,Guy Kenmore's Wife- and The Rose and the Lily,pg43037.epub,Literary,Miller| Mrs. Alex. McVeigh,43037
754,Devota,pg43080.epub,Literary,Evans| Augusta J.,43080
755,Hugh Crichton's Romance,pg43162.epub,Literary,Coleridge| Christabel R.,43162
756,Blade-O'-Grass. Golden Grain. and Bread and Cheese and Kisses.,pg43190.epub,Christmas Stories,Farjeon| B. L.,43190
757,Mrs. Severn: A Novel- Vol. 1 (of 3),pg43449.epub,Literary,Carter| Mary Elizabeth,43449
758,The Gypsy Queen's Vow,pg43489.epub,Literary,Fleming| May Agnes,43489
759,Flora Adair- Love Works Wonders. Vol. 1 (of 2),pg43498.epub,Literary,Donelan| A. M.,43498
760,Flora Adair- Love Works Wonders. Vol. 2 (of 2),pg43499.epub,Literary,Donelan| A. M.,43499
761,The Adventurers,pg43716.epub,Sea and Adventure,Aimard| Gustave,43716
762,Munster Village,pg43743.epub,Literary,Hamilton| Lady Mary,43743
763,The Prairie Flower: A Tale of the Indian Border,pg43925.epub,Western Stories,Aimard| Gustave,43925
985,The Forsyte Saga,pg4397Galsw1.epub,Literary,Galsworthy| John,43971
764,First Love: A Novel. Vol. 1 of 3,pg44018.epub,Literary,Loudon| Mrs.,44018
765,The Eve of All-Hallows- Adelaide of Tyrconnel- v. 3 of 3,pg44264.epub,Literary,Hartstonge| Matthew Weld,44264
766,Wanted: A Husband. A Novel,pg44326.epub,Literary,Adams| Samuel Hopkins,44326
767,The Bee Hunters: A Tale of Adventure,pg44375.epub,Sea and Adventure,Aimard| Gustave,44375
768,The Rebel Chief: A Tale of Guerilla Life,pg44421.epub,Literary,Aimard| Gustave,44421
769,The Smuggler Chief: A Novel,pg44454.epub,Sea and Adventure,Aimard| Gustave,44454
770,The Stoneground Ghost Tales - Compiled from the recollections of the reverend Roland Batchel- the vicar of the parish.,pg44581.epub,Ghost and Horror,Swain| E. G.,44581
771,Held to Answer: A Novel,pg44633.epub,Literary,MacFarlane| Peter Clark,44633
772,The Prodigal Village: A Christmas Tale,pg44796.epub,Christmas Stories,Bacheller| Irving,44796
773,Little Golden's Daughter- The Dream of a Life Time,pg44803.epub,Literary,Miller| Mrs. Alex. McVeigh,44803
774,Kathleen's Diamonds- She Loved a Handsome Actor,pg44819.epub,Literary,Miller| Mrs. Alex. McVeigh,44819
775,Wild Margaret,pg44828.epub,Literary,Garvice| Charles,44828
776,The Mark of Cain,pg44841.epub,Detective and Mystery,Wells| Carolyn,44841
777,The Man Who Fell Through the Earth,pg44872.epub,Detective and Mystery,Wells| Carolyn,44872
778,A Man's World,pg44878.epub,Literary,Edwards| Albert,44878
779,The Mystery Girl,pg44984.epub,Detective and Mystery,Wells| Carolyn,44984
780,A Mock Idyl,pg45042.epub,Literary,Ross| Percy,45042
781,The Red River Half-Breed: A Tale of the Wild North-West,pg45047.epub,Western Stories,Aimard| Gustave,45047
782,Farewell,pg45104.epub,Literary,Stacpoole| William Henry,45104
783,The Guide of the Desert,pg45401.epub,Western Stories,Aimard| Gustave,45401
784,The Insurgent Chief,pg45402.epub,Literary,Aimard| Gustave,45402
785,The Flying Horseman,pg45403.epub,Literary,Aimard| Gustave,45403
786,Deadwood Dick Jr. Branded- Red Rover at Powder Pocket.,pg45618.epub,Western Stories,Wheeler| Edward L.,45618
787,The Curved Blades,pg45622.epub,Detective and Mystery,Wells| Carolyn,45622
788,Stolen Idols,pg45636.epub,Detective and Mystery,Oppenheim| E. Phillips,45636
789,The House on the Moor- v. 1-3,pg45816.epub,Literary,Oliphant| Mrs.,45816
790,The House on the Moor- v. 2-3,pg45817.epub,Literary,Oliphant| Mrs.,45817
791,The House on the Moor- v. 3-3,pg45818.epub,Literary,Oliphant| Mrs.,45818
792,Pretty Geraldine- the New York Salesgirl- Wedded to Her Choice,pg45872.epub,Literary,Miller| Mrs. Alex. McVeigh,45872
793,The Vanishing of Betty Varian,pg45912.epub,Detective and Mystery,Wells| Carolyn,45912
794,The Room with the Tassels,pg46008.epub,Detective and Mystery,Wells| Carolyn,46008
795,The Deep Lake Mystery,pg46064.epub,Detective and Mystery,Wells| Carolyn,46064
796,The Romantic Lady,pg46217.epub,Literary,Arlen| Michael,46217
799,Harry Blount- the Detective- The Martin Mystery Solved,pg46402.epub,Detective and Mystery,Flanagan| T. J.,46402
800,White Wolf's Law: A Western Story,pg46457.epub,Western Stories,Dunning| Hal,46457
801,Alone,pg46505.epub,Literary,Harland| Marion,46505
803,The Crime Club,pg46566.epub,Detective and Mystery,Holt-White| W.,46566
804,At War with Society- Tales of the Outcasts,pg46623.epub,Detective and Mystery,M'Levy| James,46623
806,The Idol of the Blind: A Novel,pg47211.epub,Literary,Gallon| Tom,47211
807,A Country Sweetheart,pg47282.epub,Literary,Russell| Dora,47282
809,Kate Vernon: A Tale. Vol. 1 (of 3),pg47338.epub,Literary,Alexander| Mrs.,47338
811,The Fiction Factory - Being the experience of a writer who- for twenty-two years- has kept a story-mill grinding successfully,pg47455.epub,Literary,Cook| William Wallace,47455
987,Loyalties,pg4765Galsw3.epub,Literary,Galsworthy| John,47653
812,"""Odette's Marriage - A Novel- from the French of Albert Delpit- Translated from the """"Revue des Deux Mondes||"""" by Emily Prescott""",pg47697.epub,Literary,Delpit| Albert,47697
813,Sekhet,pg47744.epub,Literary,Miller| Irene,47744
814,Mirk Abbey- Volume 1 (of 3),pg47771.epub,Literary,Payn| James,47771
815,Mirk Abbey- Volume 2 (of 3),pg47772.epub,Literary,Payn| James,47772
816,Mirk Abbey- Volume 3 (of 3),pg47773.epub,Literary,Payn| James,47773
820,A Life for a Life- Volume 1 (of 3),pg47997.epub,Literary,Craik| Dinah Maria Mulock,47997
821,A Soldier's Daughter- and Other Stories,pg48297.epub,Sea and Adventure,Henty| G. A.,48297
822,A Life for a Life- Volume 2 (of 3),pg48482.epub,Literary,Craik| Dinah Maria Mulock,48482
823,A Life for a Life- Volume 3 (of 3),pg48483.epub,Literary,Craik| Dinah Maria Mulock,48483
824,Tinman,pg48989.epub,Literary,Gallon| Tom,48989
829,The Spider and the Fly- An Undesired Love,pg49537.epub,Literary,Garvice| Charles,49537
831,Chetwynd Calverley - New Edition- 1877,pg49680.epub,Literary,Ainsworth| William Harrison,49680
832,The Desultory Man - Collection of Ancient and Modern British Novels and Romances. Vol. CXLVII.,pg49718.epub,Literary,James| G. P. R.,49718
833,The Forgery- Best Intentions.,pg50042.epub,Literary,James| G. P. R.,50042
835,The Mystery of the Sycamore,pg50209.epub,Detective and Mystery,Wells| Carolyn,50209
836,Leslie's Loyalty,pg50440.epub,Literary,Garvice| Charles,50440
837,De L'Orme. - The Works of G. P. R. James- Esq.|| Vol. XVI.,pg50688.epub,Literary,James| G. P. R.,50688
839,Morley Ernstein- the Tenants of the Heart,pg51251.epub,Literary,James| G. P. R.,51251
840,The Fate: A Tale of Stirring Times,pg51455.epub,Literary,James| G. P. R.,51455
843,Delaware- The Ruined Family. Vol. 1,pg51628.epub,Literary,James| G. P. R.,51628
844,Delaware- The Ruined Family. Vol. 2,pg51629.epub,Literary,James| G. P. R.,51629
845,Delaware- The Ruined Family. Vol. 3,pg51630.epub,Literary,James| G. P. R.,51630
847,A Whim- and Its Consequences - Collection of British Authors Vol. CXIV,pg51715.epub,Literary,James| G. P. R.,51715
850,Daireen. Volume 1 of 2,pg51936.epub,Literary,Moore| Frank Frankfort,51936
851,Daireen. Volume 2 of 2,pg51937.epub,Literary,Moore| Frank Frankfort,51937
852,Daireen. Complete,pg51938.epub,Literary,Moore| Frank Frankfort,51938
853,Priscilla and Charybdis: A Story of Alternatives,pg51972.epub,Literary,Moore| Frank Frankfort,51972
854,Well- After All,pg51988.epub,Literary,Moore| Frank Frankfort,51988
863,Kate Vernon: A Tale. Vol. 2 (of 3),pg53356.epub,Literary,Alexander| Mrs.,53356
864,The Touch of Abner,pg53604.epub,Literary,Cody| H. A.,53604
865,Kate Vernon: A Tale. Vol. 3 (of 3),pg53668.epub,Literary,Alexander| Mrs.,53668
964,Mardi: and A Voyage Thither I,pg13720HermanVoyage1.epub,Sea and Adventure,Melville| Herman,137201
965,Mardi: and A Voyage Thither ||,pg13721HermanVoyage2.epub,Sea and Adventure,Melville| Herman,137212
